System,Frame,Leaflet,zo,h,mux,muy,std_p1,std_p2,theta
cut1,0,1,56.57848520780357,-18.275887719472884,79.78451333397012,149.79836761323023,93.91178292582718,85.84018256491487,2.7543198007651006
cut1,10,1,56.4670210135919,-17.62074446471171,82.03983637679941,153.7637985364844,86.73204419463788,93.66739240198127,3.4457432580135037
cut1,20,1,57.87822563217353,-19.251968310283043,81.05344244345,161.90641311815403,91.70627925926553,98.53150036971077,4.389181255410606
cut1,30,1,56.12657261793764,-16.939864531942263,79.63221057803113,161.16854851258668,91.21896615840826,94.31669141469342,4.655953038000926
cut1,40,1,57.887671374538975,-18.596755590891753,80.58686146911275,151.32811362863254,80.28955237853432,91.28092846752976,9.345605695093354
cut1,50,1,56.50264817875274,-17.579262570996523,80.2461857705933,156.33132915325768,78.916615994136,88.95128069921013,2.885092036775218
cut1,60,1,58.61538122103915,-20.23407333485679,89.5157908163673,154.595068319461,73.86388176781836,99.4232186204016,2.1482451537033813
cut1,70,1,57.95636626951102,-20.91241003428837,90.54452609671281,163.26443073832064,67.28714518555776,102.99452842666399,2.178271174774468
cut1,80,1,58.208902193272294,-20.790020751654364,85.54973110317488,157.1704093089988,76.21407084140374,93.55189968424767,2.2404714932042573
cut1,90,1,60.155855826594504,-23.065617396053728,85.50028233615151,150.53408597955595,82.35031813533196,96.64627313342201,2.1281313959912307
cut1,100,1,56.58642024598509,-19.9289492788924,88.82539994966966,160.18764272079147,70.32532683867215,97.73931105804792,2.025619100955453
cut1,110,1,56.98476835528325,-20.209358561014202,91.89908673539807,148.8823801060706,68.22743279662636,83.86846055955623,2.3801069888802657
cut1,120,1,59.16282022780681,-21.423439149916767,85.00919782893408,149.78073300549795,79.716528627936,95.55413235567444,1.877674412029727
cut1,130,1,56.34516692755457,-18.169454972639024,92.06926781611433,155.6451240464972,67.0615574034317,84.00672333732318,2.074656589043249
cut1,140,1,56.79142042707737,-19.170084426828375,85.76681899698104,151.25249516867996,74.71311345893749,76.86729579964722,3.057339465551153
cut1,150,1,55.62258469398067,-17.355381414408534,86.02437664851848,152.86820617026237,73.65534276859539,72.12442265842436,4.662112202366443
cut1,160,1,56.18515071336274,-17.62501367625036,76.51362838975217,150.73913706525707,76.03498503270343,89.21166876783431,3.29103369909134
cut1,170,1,60.07297377382528,-22.481287678228824,79.71316539361534,151.6365417303032,80.56735646173262,95.38558564926213,4.758044663389336
cut1,180,1,58.45533859400907,-20.168155948976906,80.601405915492,152.1013506498087,79.00144698192749,102.36947710138216,4.837448327741093
cut1,190,1,59.437616966803844,-22.111151487181296,83.0090241153347,153.23596214342055,79.9426292573275,92.540617646806,4.614468362399463
cut1,200,1,59.24070038617359,-21.4364135913663,80.66980235615799,149.43322613799273,86.57986604862096,92.34588120500453,3.383500714664381
cut1,210,1,59.09980196818882,-22.36231182019278,82.64789682028292,153.85839224413579,87.58604479809003,84.28841111099909,4.407525683479519
cut1,220,1,58.64984220255053,-22.410995821675982,85.01507233227987,153.94263643941693,78.36761572227078,85.96373333643517,4.681381320082215
cut1,230,1,55.475419364235336,-19.537111880740877,91.21891035402639,152.74774535571228,67.35583103817044,82.13731843723139,-13.454178421976664
cut1,240,1,58.16984807587842,-22.908255846985526,93.5560179629644,152.29140606675094,69.70338272600691,89.0859654726334,-4.034206255542124
cut1,250,1,55.24904675939423,-18.947337355236666,84.64824518924198,153.18043809030195,70.68427641932172,79.21580998845906,4.968969686553279
cut1,260,1,56.9864362887312,-18.800811302029803,90.02610772337025,152.01719281692567,75.71925214176648,98.13314554982149,2.3284844191595058
cut1,270,1,58.88936428663994,-20.719402534361617,87.1811586906026,151.16002707975164,95.14141894855977,83.25322483949692,-2.7465026052476134
cut1,280,1,56.87351040737067,-17.97253770432073,85.52077453232566,152.43466514971496,84.02373302222234,73.51578118713364,6.80667794731263
cut1,290,1,59.17291105454311,-20.26670620221996,86.52235770081161,148.52054136140853,83.7991682266713,101.97433334500737,2.7246810892362405
cut1,300,1,57.2110837499143,-19.51008398855481,84.97372361568246,154.54311091474233,76.06180878406255,83.94922676493071,8.551487174700585
cut1,310,1,56.31693606270307,-18.30982266327131,84.58046342328169,153.4715595773918,74.92932966401808,87.02948790016502,4.666294403006811
cut1,320,1,57.093611799241295,-19.161075892940058,83.72441479534409,147.17075835002967,78.83439261004011,93.64865430497139,2.1937530454702805
cut1,330,1,61.022821766395275,-22.886301210741735,87.9824050121075,150.63721076675554,84.63009878461254,104.19249047084288,4.63153560634452
cut1,340,1,60.481620080771364,-22.71934928849685,88.37683697037058,151.4389979622114,84.590936174146,90.85064484063835,4.157985092624278
cut1,350,1,59.88470324884986,-21.423118306347572,85.71519425864642,150.49320983500152,80.86650335252891,97.84240571486582,4.507316939701664
cut1,360,1,56.12090130903725,-18.359006488107145,75.66999751484067,155.90534755505868,73.22674962253579,94.01480603297495,4.5533054785191
cut1,370,1,56.008924262870735,-17.87414139774547,77.72014107068568,156.674802620149,68.80464352023466,92.70458679501542,7.802361785182468
cut1,380,1,59.157203944399754,-20.65042817990718,84.80417846977038,147.77576451148465,79.43555787082914,89.38104173340002,4.488299168481513
cut1,390,1,57.49516574452906,-19.91899733327118,82.07040696168748,154.04017657363661,68.65561410417405,91.01843579136995,4.842521163922349
cut1,400,1,56.60860980947927,-18.81527677997907,91.26808192190686,158.547263710361,67.87307159132027,92.7633728253865,1.9406687490647978
cut1,410,1,57.09605629606373,-18.24036415844563,89.75661245262137,162.46363544458458,70.00332102374387,107.37147863770807,8.014926720593794
cut1,420,1,59.11046810841556,-20.597126091502194,88.36867399469932,153.03053584869696,98.96060809967565,80.68456344639974,6.3448228100215776
cut1,430,1,58.64284449825508,-19.322497546314843,90.91013036068972,150.50033286773186,74.22281849001514,91.60580218060963,1.533258472360697
cut1,440,1,58.15365119810358,-20.392623969096636,87.7415996767865,160.51388303293228,63.47347211555617,93.5976705069602,11.262611417737693
cut1,450,1,55.39389184570319,-18.551664704482246,85.85389183178987,162.80504670398358,53.42276514993372,93.47703416300914,4.860608543174275
cut1,460,1,57.87708452046046,-19.746416987696236,82.22266193553453,157.79529988623824,59.95070307609698,98.60662084400937,1.721698369067706
cut1,470,1,57.728612941503535,-19.33349944277572,83.68900854414822,158.14594706952533,57.38002382718989,97.70797355803677,4.802433226612425
cut1,480,1,60.10769037762774,-22.823967597102538,81.7345821345735,153.8945243569348,63.290237297407195,96.65120307036152,7.676064939961999
cut1,490,1,55.713059493319186,-19.491823532664398,72.93396170306495,161.59068012458494,54.41100078437368,87.33134933339917,4.471771169552433
cut1,500,1,56.0917145313911,-19.868733688218587,86.42824828115593,162.2925815077109,52.6517038709511,90.42994636189844,4.805661538040313
cut1,510,1,56.7804110653092,-20.863443861396785,80.33947614508293,161.43580833096237,54.5627924635915,94.98542028884277,4.823213755722865
cut1,520,1,58.333879365223,-21.27874932230426,82.12579598512332,152.7132662676257,61.333145912847435,94.30042355930141,11.065481566368794
cut1,530,1,56.48832777659987,-19.863744629337788,76.57745790983076,161.743031079853,57.82123469145479,106.02563828830614,4.766970131250888
cut1,540,1,59.600590084067,-23.306893105243997,79.04306805203738,156.90031091445417,70.20157433587214,93.1671216018812,4.672634351311793
cut1,550,1,57.57620176160953,-21.117967349743783,80.0779599664823,157.89835444669262,64.98244212475976,89.94452727011833,4.850490791082196
cut1,560,1,60.549024509445154,-24.17913345971081,84.60418847431487,152.49487021135005,70.81945533601638,85.85463713248235,7.95490553566864
cut1,570,1,60.38321801399129,-23.883248140907778,80.75695628768048,149.77362997517523,90.14135329415103,67.49211670868625,9.66496189133222
cut1,580,1,60.282466553862946,-24.090010596208362,76.94557113492095,144.83429357088633,62.58861519896086,92.55109084933588,1.8152143220701331
cut1,590,1,58.50235191115707,-20.916040061001155,80.8523744452645,146.53691741881897,64.61107830269988,82.72915082331232,4.866028680720158
cut1,600,1,60.953372089310264,-23.62394275758625,78.13392971279835,145.46931708685815,72.47889341992412,94.05176314620962,7.887535672850648
cut1,610,1,61.95275841181018,-25.041917150741604,76.53267715154708,153.4024961856493,69.79894790086621,95.32876365783395,4.7290464971695645
cut1,620,1,62.81471071910776,-25.367405496861753,77.93148609896049,147.2606053187172,74.94459696220422,102.48076660026105,4.776082316491952
cut1,630,1,62.343932662331994,-24.119938321339628,81.31921833661985,151.7229524626669,73.53011447250948,99.89563240737021,4.763250006695899
cut1,640,1,60.53945603075937,-22.159356121285825,85.00129962673653,156.3249975284958,73.51682938802672,94.89591860584858,4.687983554882899
cut1,650,1,58.74564500237629,-20.087234088961672,83.57514839300396,146.35348497034178,70.22881287204068,86.69161825676561,1.9659566671123683
cut1,660,1,61.76561389296809,-23.42173414258046,87.02557162160447,146.31658654975485,73.26937863269114,85.54568023565804,8.132477199439375
cut1,670,1,59.12841373817012,-21.26838030380683,86.40104651916694,145.8938303810598,68.36986905443752,80.84333649470976,-1.1748128154901085
cut1,680,1,59.787581675556716,-21.18250159111571,84.54298365281618,144.99871434369732,81.38831608459125,72.69506850228083,13.048449802910934
cut1,690,1,58.88470731448646,-21.92893218916308,84.24965252797386,156.07592114048825,71.92197678459188,80.0832016350325,4.534701493312298
cut1,700,1,62.201296737858975,-23.7201827591038,80.28907651292529,144.54304192844018,78.41010695574438,92.0658122141937,7.859117297535574
cut1,710,1,60.21530740162094,-23.30048672806023,84.49826962543163,151.28633827333326,72.3917655359084,82.21205332282979,7.572365579806231
cut1,720,1,61.010551651147075,-23.786059340259175,86.51591833058879,155.72200646347844,79.60082766790423,87.13909665138681,4.976630752450517
cut1,730,1,61.85883168017712,-23.331709528718186,84.98425810649209,147.57873511493858,81.8542838936694,89.46276680201262,7.367910780362215
cut1,740,1,59.19314547877078,-21.795698390974632,79.6314126734926,155.04370475717465,70.7190813399409,85.8357839776555,4.359836361222663
cut1,750,1,60.779637117632966,-23.42986006511481,77.67391190899093,158.7813214310623,72.48566442059625,94.69739799784034,4.602535583173719
cut1,760,1,59.201509999780015,-20.68603274010069,80.96369037178856,156.39694983140285,76.09505347446738,94.90521837049972,8.000285215164633
cut1,770,1,56.65646744987198,-18.96001091846357,82.6671756521641,151.62101616302306,66.4863561530285,74.66593631248766,4.218394691253189
cut1,780,1,57.93979079677614,-20.422500250153494,80.26455718389047,157.69356812756905,75.69004777216155,88.78059908652202,4.386233041288917
cut1,790,1,56.674470465738736,-19.553184449262822,82.26769499038413,156.5152110584962,75.93935649266878,72.26118606642237,3.466955215840607
cut1,800,1,57.092678945069764,-19.87808198738,80.31937909902528,151.25986883579105,76.65567649744682,80.07338351518817,2.9105954759486528
cut1,810,1,57.87578991527881,-19.670688684543144,75.27436910804123,149.3746937621196,84.23743963201228,88.87396323196963,3.0824959428114407
cut1,820,1,59.17031736598787,-21.676927624263495,78.94592224558652,154.84665434890346,82.43240189439803,87.64172764669362,3.325853931443903
cut1,830,1,59.03346371194845,-22.726041045831916,79.59455821738348,160.96659491746894,80.55923210312771,89.81451982562773,4.075716771503127
cut1,840,1,60.516277540055746,-23.615219835614496,83.18202910123433,153.39503529559454,84.12057143196212,87.26136614911925,4.1358375308964686
cut1,850,1,55.768249382606555,-18.352509144959534,81.80960547941183,150.4403805546176,72.64388516732906,76.04369750467458,2.8955345535041923
cut1,860,1,59.475548407704366,-20.936688691904656,81.19027883720354,151.52001476839735,81.60749041279847,93.84280934650802,2.1560612696844705
cut1,870,1,57.60982328052953,-20.218301017060337,82.77741400669935,152.25685035491023,82.49770934948788,80.5085547981269,6.546087507828315
cut1,880,1,59.04962737287594,-19.46937862753853,85.89063922854365,144.65840916752225,77.0339406012367,86.9128852734752,3.136987821374641
cut1,890,1,58.03573426438319,-20.283988248904283,85.52553310439312,148.6606583165696,70.4188621571134,81.08581874964305,2.3448463725465247
cut1,900,1,57.47595612149474,-19.165285323565882,84.45228865948627,149.1310158705117,78.5096657187528,72.5539428628627,6.538049610552499
cut1,910,1,58.02465855105711,-21.256947045639365,85.77123527478251,148.5864449565283,72.72442391241582,81.77607312287505,2.576702463672664
cut1,920,1,58.22995701335137,-21.722351130727827,83.43177711053566,151.91132333881131,71.79338504749646,84.33869407282957,2.196748052560945
cut1,930,1,60.04352822498913,-22.16125830533035,82.44304363754733,148.06258259685794,88.33290931119637,85.11519217981969,4.546673557291588
cut1,940,1,59.30811449118261,-21.136863775096366,81.27216735732249,148.6776595309157,73.83931205137533,84.7899679965682,3.906717742665927
cut1,950,1,59.1071723815501,-21.330688801178617,78.98201987607622,149.00892352321904,72.33297125626082,85.28671606085229,4.490603320838152
cut1,960,1,57.992987158198,-20.0731798792687,86.76313780377696,144.709721682356,69.50756160105973,86.44534705202047,3.279552568319196
cut1,970,1,56.530947566757796,-18.602614828935295,82.60763581689906,145.06920555894771,75.96443724114789,75.07898412423913,4.196268841535366
cut1,980,1,55.98017058924594,-18.189325752655016,82.22801592109435,144.1934675297403,70.97184559134699,82.4558078335758,2.572818990400361
cut1,990,1,55.099241177525265,-17.699094199539175,77.12720582097616,145.39895069238804,69.65762349963154,74.11671011581825,1.96375141636396
cut1,1000,1,57.03387184667646,-18.75647142090793,85.88953917767624,150.6887292402566,75.55769729454255,83.68550561296125,1.8115328319417807
cut1,1010,1,58.79773221569266,-21.339539371066323,86.07881989187621,150.9672379384983,73.32488249052136,85.93284159864731,4.754910513622871
cut1,1020,1,57.427393524346655,-19.8964286915005,90.43599462075198,149.3771184908986,67.0303349054091,76.75989053721915,1.8704549681438485
cut1,1030,1,57.96134923087903,-19.56954292010268,86.1116222712592,146.83290920276463,65.33514535773817,79.44576716528694,7.34494472433575
cut1,1040,1,60.94897165560002,-21.274494654588104,82.83349850024355,156.9621588281896,79.62619508172787,92.16590070369045,4.032818596677804
cut1,1050,1,60.76430893578094,-22.719939388568694,88.04057995983234,151.58476789076693,71.16346003249444,87.12644189261829,4.335743062164338
cut1,1060,1,62.12109870257172,-24.431436050478947,86.44306809315584,149.02367466128914,72.8174401475492,96.04476115821585,4.245556000822913
cut1,1070,1,58.98203136094898,-20.141314640716086,82.61202626401251,150.90599728428307,74.11734536870554,94.31337068864745,4.3113998167877705
cut1,1080,1,60.88201798438496,-23.33187848162106,81.85377904647915,146.87686572416857,74.08813261251797,92.05050615159142,4.361739575792513
cut1,1090,1,60.406938501674816,-22.73229386669159,78.25238097169014,146.70719270515875,72.44807566449195,89.71146450830766,4.053295134807323
cut1,1100,1,61.55415364067072,-23.64719021758821,83.52581331854324,144.05761060324608,77.16131636000853,89.75625703147676,3.990502597566213
cut1,1110,1,59.524434574396516,-22.18093347696018,81.30407099638816,148.92884405282254,68.64561720559877,90.11411228958845,3.9063118837553037
cut1,1120,1,59.34045906741271,-20.54628854670858,84.5978945304917,149.89133255294604,71.75523699777006,86.7578249103679,4.097627595951003
cut1,1130,1,61.40944654027807,-22.565596129504435,85.38865744626237,145.79553159982154,71.72121634448895,87.94743327101705,4.262307614346119
cut1,1140,1,62.53551965965138,-22.541213959104063,81.66280381695007,141.55657991814698,78.0098711545694,96.34287404471526,7.459488469022538
cut1,1150,1,61.76013333473399,-21.71643205922534,81.03544238835055,146.49560277390046,82.03906312286604,98.56906694347303,4.516273096191277
cut1,1160,1,59.59659237522621,-21.214490919448682,82.43156443900807,142.75650382811867,69.23157218271798,89.10926607526265,4.2796571184235646
cut1,1170,1,62.06889578221187,-22.847100074427914,80.38519226558243,145.5742416724622,80.65442176532895,105.70194215024034,4.240324942023257
cut1,1180,1,63.149919043687696,-23.842851610585555,85.60006312885992,140.7868847049456,72.39174930255702,99.60563036316039,4.152051043647275
cut1,1190,1,63.27714676975432,-22.855594233098945,85.27028529998296,137.8754553210589,112.51173759191897,82.79722362494954,-19.334585604239507
cut1,1200,1,64.7429665852317,-24.453797904948885,82.99422699113049,135.68529814459677,85.30834660593872,119.95313981482565,4.394692634947411
cut1,1210,1,67.92693072392008,-28.93705131418564,83.9368003748226,142.35506888505023,92.74073181735288,114.26344969700912,10.527657471433544
cut1,1220,1,62.37161859875396,-23.18843303368337,80.5277709319046,140.30857435249544,81.35521445746139,112.57979019598667,4.311140557669577
cut1,1230,1,66.70587043199208,-27.451297651799756,81.70141772753122,143.81300710231014,93.5977588303664,119.56915785572782,-1.9237642390111946
cut1,1240,1,63.31933231171715,-24.37903217345388,79.81090359631376,141.21248452013836,80.05113891262504,103.21508873974906,4.204626107701956
cut1,1250,1,65.47484332727412,-26.684604531160872,84.16672532777135,139.7743487197265,86.02910163786724,102.19913893033501,4.51823238228243
cut1,1260,1,64.75818025019353,-26.44944908125443,83.52646506612605,144.3042113074849,80.23590635053372,98.02574939722956,4.15674531927122
cut1,1270,1,63.37084826342145,-23.919996144835967,81.22619207506801,142.56315828753375,79.69333681470341,104.38990902773608,1.3352158721166452
cut1,1280,1,59.27470111939623,-19.640146849831307,73.82602807641221,147.1182384437238,71.76219756891629,98.98127374747736,4.578451117377807
cut1,1290,1,63.37166503872883,-24.948336684331426,77.85135296557853,141.53039195987537,76.89724869640852,99.98659831806577,4.629370966726661
cut1,1300,1,62.009083030601204,-22.517610761060716,78.02257524549402,138.43417902241234,82.4990232747981,87.83290119104255,7.559991436040275
cut1,1310,1,64.26290348595272,-24.75086683900952,83.67440906185894,140.26335452527405,78.62515282445543,101.76249104169862,4.581851119363085
cut1,1320,1,63.572886233856316,-24.862080685248,83.70349920596328,142.10691387027146,73.08662320749829,86.76959396941176,4.39909213321867
cut1,1330,1,61.36085405192559,-22.43829229398537,88.24468728863293,135.54385429846684,88.84716867562601,78.40489867280985,2.774405374768013
cut1,1340,1,62.96705383422586,-23.374571867949335,80.76444355911264,136.32664696493674,84.45400654762383,96.90885955964808,3.718520490213652
cut1,1350,1,62.360202772801905,-23.81449382820563,81.17229404865678,138.1883431575518,79.89218399529146,85.1353522746297,3.754811249201549
cut1,1360,1,63.6892562945627,-24.167833025415835,79.21032949528751,137.33865197967646,95.09946149925946,80.26112952716959,2.4989445917738924
cut1,1370,1,62.13494380719065,-24.709802642118216,83.90395577229792,143.70217238636204,69.86413225632603,84.86375625472364,4.208957726033679
cut1,1380,1,65.07471310527811,-26.246802180436163,85.45011404740944,137.23318373745036,90.73910780245153,84.77427517396875,5.423615140174101
cut1,1390,1,63.9223748806036,-24.526349163824513,81.29289882719276,131.57243066607737,95.29987807254437,89.21646372898547,2.448586600788606
cut1,1400,1,63.719592944402464,-24.017780410673854,80.02319588115373,134.6972409923863,82.0924862172109,88.21504588986313,3.6283971323161275
cut1,1410,1,62.59001319791311,-22.39067075803583,77.10004693261942,129.00486180018925,83.94788608764198,94.71941518633713,3.7265677046217274
cut1,1420,1,64.38121422186089,-24.796106465945694,83.87023901639243,130.44096315225227,82.76145841807818,92.83134170509787,3.8419248063246974
cut1,1430,1,63.41280985175288,-24.876145287275637,87.43979993353986,131.59930119410353,75.70792581648897,88.08243374298387,3.6834601352003604
cut1,1440,1,61.596363062540554,-23.46928055618554,82.92853009382446,134.58416457281606,67.18537969385507,77.55308966527569,7.000420584265276
cut1,1450,1,63.672452431480714,-22.292172032620073,79.60792556060964,124.1151681059951,83.67219213752115,92.46855227847728,2.9154119257592144
cut1,1460,1,61.550692782699215,-21.595485151338448,81.94837055505319,131.2757523909502,79.73433782334602,82.5784393630167,3.4759161941896726
cut1,1470,1,59.87821779839104,-22.29677228058426,81.90690296487692,138.1443026443041,64.01381456780564,75.25120006737896,3.9229368153672977
cut1,1480,1,61.401970368996125,-24.19140271435147,84.43554945870376,136.6202140456342,64.31228504483734,77.9490900021653,3.7599283860575543
cut1,1490,1,66.9706661808215,-26.061196079329882,80.19653737046593,123.5634247512999,97.68992935206951,95.15807683448011,5.432346307272053
cut1,1500,1,65.75735179660003,-25.990185954515447,79.0447040372897,132.18369774697092,82.08673092497241,95.44349888698946,4.3516871205920165
cut1,1510,1,60.85105379318103,-22.128671613172248,77.87520131435055,137.15900410261088,72.95415101223035,83.5999319918309,4.234905758502757
cut1,1520,1,60.466367108481975,-22.582924819160002,76.45028800779065,140.45438191526836,65.16645790554601,85.79589741148106,4.021934657298787
cut1,1530,1,60.10694073120782,-21.722508568522585,75.65608132808323,143.3803281386975,66.1315771009519,91.08200757197278,4.2027874384031625
cut1,1540,1,60.064810670920735,-22.067695263284662,80.51618291748706,137.49644362301495,72.27360629175638,84.95248180381434,3.7923930678500795
cut1,1550,1,61.09511145381655,-23.10969611793297,82.32779419124168,133.51829123482057,77.0787505437883,83.9578273194201,4.197546904870488
cut1,1560,1,59.10639069533121,-21.110327380008947,83.65520448358777,133.6653299987461,80.10302078710187,71.56828287019796,-0.044478982062376944
cut1,1570,1,63.17475527065261,-23.30700658367765,79.75722343274514,128.61225090772504,99.02936433800399,86.21601279570902,6.124130565129021
cut1,1580,1,59.77988900183069,-21.5998229854255,81.56608058040058,135.53656039369457,70.66370520637946,77.52973096351239,7.1208248903873095
cut1,1590,1,61.70186187058614,-23.446891043571817,80.19669370357391,134.4337368585667,70.61583769761721,78.52784505567357,3.601428707194944
cut1,1600,1,60.20851404116981,-22.700154962871654,82.47682413620521,137.74780105550485,66.15189876434883,72.9094968596242,6.833107874483075
cut1,1610,1,58.41031861442915,-21.178534539519525,80.19721403086727,140.88805566266402,60.481302460312605,71.24514651783818,3.868180003957031
cut1,1620,1,58.79556524175832,-21.37054655948884,76.84178435493223,142.14796690871688,61.0067632658659,78.8979041534764,7.063519843958664
cut1,1630,1,59.633051493575316,-21.84466994502443,81.21491548229214,136.98842505253756,70.95821732596319,77.43439892462811,6.82868610829119
cut1,1640,1,62.118994897145264,-24.248497357656333,82.2374454039753,135.8241822428292,83.41302580740953,77.72981761987663,5.601482592267912
cut1,1650,1,61.545916473113486,-23.79114254912202,82.23092196239757,140.4611257272339,70.16503161233774,85.28088795773385,7.3486470088041
cut1,1660,1,60.67411422736492,-22.142113494047766,77.79588772866417,138.0731797291,69.77805949293281,84.06728726099574,4.06144884246654
cut1,1670,1,59.88087135190209,-22.808248592157387,77.87139722286423,140.0100077584016,69.77043712085204,82.14288744788382,3.8840156347449226
cut1,1680,1,60.927666723548086,-23.013360828583934,81.03924121401155,137.47877771121102,72.82800379065502,77.74741661272228,2.600110125168323
cut1,1690,1,60.89691993044045,-23.54022342785691,80.82437118434636,137.78122903728422,69.81349908245414,82.87061410454419,3.6462919715548896
cut1,1700,1,59.52703925073381,-20.34721884210628,80.93204479122292,133.10134425809443,68.09981502760984,89.22006722191203,4.073138512182842
cut1,1710,1,60.68347310552625,-22.423064153371758,83.28266642795968,138.1330311049165,58.37212195924906,87.10335039850939,3.9913333674456317
cut1,1720,1,61.79603446899108,-23.282937700299442,82.01286652374081,135.7797532724209,66.7349866886777,85.7598508124832,3.99843596454576
cut1,1730,1,61.55033365941387,-23.023119970246373,82.34250102009761,132.484884260772,69.34570230240627,86.29667736766332,3.8913506820026424
cut1,1740,1,58.66626270544854,-21.303053494924868,78.29196994216137,132.64844603265126,68.65573737550903,79.56626647473531,4.016334427313571
cut1,1750,1,65.34821136864306,-24.915547419131606,85.32425344821297,122.06302488850584,96.54572705009048,95.01444203270285,2.7611979840909537
cut1,1760,1,58.78123920227271,-20.00154337783777,82.2812216615963,133.09574238869197,68.32582168921101,75.31966025994905,3.9048617680864584
cut1,1770,1,59.1211696906249,-21.277302079886496,82.79424477388733,137.56044943620785,61.558647074048096,73.78561180607825,4.0257195394048155
cut1,1780,1,58.228533153461306,-19.4829577941986,82.85224855548839,142.21019977446528,60.683287445059236,74.1774076746521,7.119142523785761
cut1,1790,1,57.364912518270295,-19.04117225976574,85.40098128741379,137.38139537381542,62.61232935372593,71.03464610307343,4.2929669149600285
cut1,1800,1,58.60755399917408,-19.52580463788939,80.20859945216417,129.51469288855384,70.95056406732003,75.06102882322978,8.095692747301005
cut1,1810,1,61.374997028550894,-19.214024873268425,80.16449349395688,124.25909704906991,79.400744883988,95.23735174786218,7.495808825560265
cut1,1820,1,59.04006723874884,-19.26802444353327,83.79038544951918,130.30685195967962,67.04069730098388,73.72494634156419,4.053978552481417
cut1,1830,1,58.08724646005446,-17.975842787588956,86.38388334071021,128.41064317684805,63.74586400654431,77.78268145242404,3.8765704222210235
cut1,1840,1,59.75721710194028,-18.840565707043503,78.54553040270537,137.4949325538538,81.54878720193008,98.32480899003825,-11.263097523935597
cut1,1850,1,59.8182866980507,-20.375630013956044,84.21681319634303,136.77738823559912,81.29873495293086,73.55076643607875,3.394940240085211
cut1,1860,1,59.35169290857966,-19.663240595789336,82.18508705514857,128.30556455471395,75.20940848511911,80.29390839412977,2.8024869441973044
cut1,1870,1,58.76585104625116,-20.240381560794148,80.70969698621829,132.25668949107578,61.49214847679572,71.2462064741757,2.5633882828210317
cut1,1880,1,58.9496878616448,-19.497303892751578,82.81514136178725,126.44391093673502,66.72800154377325,77.89995730601308,6.566480767507911
cut1,1890,1,55.470519181500535,-18.45726215268809,81.9357970155439,144.14242340020917,51.535004088268316,67.30445834994538,5.330123317059478
cut1,1900,1,57.399718317206506,-19.54197395929569,82.06374127088877,138.60397042882084,67.75997793921525,62.67343668333128,4.024737539325359
cut1,1910,1,57.70792999885391,-18.65799617788582,83.44999810687365,142.27573556223578,65.02923918481451,76.8197470458385,-1.228817623422929
cut1,1920,1,57.886671270289696,-19.82609748103648,77.51657532592391,137.53073278612598,63.015319717612385,73.52285908548023,2.503205209099863
cut1,1930,1,59.75970007891978,-21.371159234949413,76.80759316810457,145.13859689286977,69.92809041777791,75.98991852038075,4.663270628895453
cut1,1940,1,57.68301353414077,-18.626329485105437,78.78303152531433,143.07015615728187,70.77462307382898,76.46949585337009,4.914501723592096
cut1,1950,1,58.85657706812995,-20.39025342267705,81.45950078093772,137.9773205745595,72.08781286319031,75.58388896521845,-0.9620401113372298
cut1,1960,1,55.81288869957315,-17.71645371527551,80.86291945336075,137.3267308119836,59.34289671596389,69.88957594508942,9.785389220235341
cut1,1970,1,56.3614213363822,-17.438024507981687,84.3424270396206,138.27667637027926,66.06446887993295,75.91769664533605,2.79481460256747
cut1,1980,1,56.54173401564304,-18.186634215550836,77.31479345158111,134.87795740601408,59.198812821012694,67.57267603034755,2.6885660429483575
cut1,1990,1,55.11298399053515,-17.096139612452802,75.07826396198286,136.2106556534934,59.4713257777493,63.85830289656922,7.441964025753505
cut1,2000,1,55.591249183688355,-17.025927681538967,73.12463857135393,143.68058038692914,59.67499124654194,70.60137265207679,7.288785823616742
cut1,2010,1,54.93175102593738,-17.06029466736996,75.0182170444405,145.73976580574484,62.47675007391287,65.50824295746325,23.024877843886397
cut1,2020,1,56.440776413769804,-17.598289694162286,79.91384613955658,137.9666488316348,65.96056860844345,76.88861079637832,3.936249516853404
cut1,2030,1,58.28983643573973,-18.312365607260165,83.40973433632051,128.35817454849177,68.43507567417133,84.73109329584868,3.879191259505261
cut1,2040,1,58.36990588273233,-19.684189739964417,83.86773739702348,128.06853483412513,66.29300389104144,79.81801027376132,3.985906016256499
cut1,2050,1,56.3895820159718,-15.327472712990085,79.95206306593778,120.57546806507116,72.51698622100459,88.44091558107401,3.4658387070829204
cut1,2060,1,57.32739864411612,-15.38434091235801,74.75412329425586,123.4867159162484,75.84255984330358,122.60244550091346,3.394946195359479
cut1,2070,1,57.07403325929412,-17.64323316761012,81.01350487726755,133.53694131382798,64.15719520167295,88.95515519306457,4.061473872183022
cut1,2080,1,57.868256310482224,-17.543234751551207,80.00649279937856,133.4095941862992,69.35176316549182,103.148687049822,4.135327906441948
cut1,2090,1,56.96506321700997,-17.79865460857193,77.02719268022175,136.09264685007594,65.29260020027864,87.78885860634169,4.210261726046411
cut1,2100,1,54.90028943915832,-15.87428407013871,78.0727877680614,137.90080207789265,63.841557751019174,79.52109398302498,4.119021618220663
cut1,2110,1,57.17581825224515,-18.973353662965526,79.61086543983554,138.87130730359826,66.09141341819132,81.1147686849157,4.176278913023606
cut1,2120,1,57.17024359251667,-19.02449702619591,80.61004613539544,141.49372542248366,65.06667004955,79.57805848411043,4.014453845201935
cut1,2130,1,55.4608394097353,-17.667230819726797,83.49140476961354,139.83412206860731,57.48672166602617,83.00662535560379,3.8850798448516866
cut1,2140,1,55.8976652316733,-18.150058576342733,80.22267946323906,141.23950911093036,65.69564350649031,73.88719463236986,3.888295002716749
cut1,2150,1,60.97127369811654,-21.83393902637905,90.02290964065611,134.63273046392555,82.65224379307013,89.40641147201023,3.802962973136529
cut1,2160,1,58.345242237255825,-20.23351311226989,86.16088371327764,138.91672033753582,65.99012059829359,82.64147114565138,3.8615942428656096
cut1,2170,1,62.052276866092654,-23.490080567271757,91.0512274419481,129.62564565519844,77.10318138184992,93.82866627691253,3.316924941529217
cut1,2180,1,62.2618914021451,-23.558144581670877,88.18430451928648,132.21535871334385,77.56929807814656,86.4114633519241,4.05165247319827
cut1,2190,1,63.84011313091645,-24.131895096287433,86.5704594627555,132.15840370466236,86.02348026912289,94.92495015629093,1.580609521497946
cut1,2200,1,61.621969038689066,-22.18493203168777,81.44964378054185,132.0847135315512,90.2000689463179,82.80350183126974,9.056019455060301
cut1,2210,1,62.42453325305144,-24.06394769027403,85.40352029348665,136.69624702264738,78.51052367139626,86.04370096316953,3.9526737883506975
cut1,2220,1,61.641373006567605,-22.901438021038103,88.37411162970093,144.31624366938001,90.68196544327458,79.36825361480341,9.521422733902922
cut1,2230,1,62.15019307739016,-23.12215327988533,80.62087219459727,139.5223064767721,99.929073350523,79.22272479652241,6.127865222641656
cut1,2240,1,63.560238573927315,-24.989221627045147,77.74418305596411,137.52058192713153,86.00767918740628,102.34488155851612,1.6645442236312766
cut1,2250,1,62.52347355512016,-23.399424270698773,75.65496023904977,135.43809582554363,102.83741975350664,79.11809830561953,-6.724332003127731
cut1,2260,1,60.355289032281554,-19.954350570819592,73.7801773199423,129.24930056706182,71.89861952919789,114.51451663393341,4.4820399482468245
cut1,2270,1,64.1507599675767,-23.0990689962232,75.370763168524,126.95041223308019,96.59504281891003,126.37744060581007,1.5449283684606372
cut1,2280,1,61.91002338146108,-22.452980579733048,69.84589360673792,134.42030882090447,103.83503201669933,90.5576685233216,6.201313539121405
cut1,2290,1,59.26190891942505,-20.713504980197257,70.66018739442477,135.1730742353563,89.01770091498413,72.74666939040596,0.39387316908350645
cut1,2300,1,61.360761416571115,-21.95915316652808,70.20354117688868,130.4026387432226,83.80308468559235,104.9118081193803,2.0769220442785037
cut1,2310,1,60.464209061357224,-21.90788638258242,72.42122596075188,135.01316042522265,75.30202468485413,89.66939475277105,1.855713349300706
cut1,2320,1,58.27156971565379,-19.14129822373064,69.96530225071001,136.99028726058603,70.4968744255907,92.11663804522385,1.6102397608967975
cut1,2330,1,59.534220787454046,-21.085939223456958,74.28963675021419,136.55093453927566,86.5433766284951,73.62856286029523,3.089882971187779
cut1,2340,1,56.68899775946141,-18.724010773970267,69.81263388021236,136.30281061508126,67.55804358928853,79.97684905049765,4.617899772704744
cut1,2350,1,56.60684846382796,-16.381235321994524,74.47480388369598,133.58347456797534,67.27002671131362,83.806639827149,4.025142713215061
cut1,2360,1,57.14291203369325,-18.038112584065676,73.1575891659954,135.6422783172605,70.85526228288796,75.11799021624047,2.303997280432917
cut1,2370,1,58.80639943349226,-19.256504683996347,78.12399181972594,132.63991494060298,73.89085032744451,93.63453266422512,4.585105498257965
cut1,2380,1,59.24016649507532,-18.0475376579008,77.66859144818213,127.60339651658906,85.66619177918157,96.12852730101298,-1.2023295694146834
cut1,2390,1,57.261235434152816,-16.69822940094831,69.74871791323073,136.97637095663575,74.12194136880672,91.82495791367637,1.827223510346398
cut1,2400,1,59.62790607206302,-18.465940742955787,76.1696132989234,128.0118832390652,84.09342867857872,98.8103968238372,2.3101797475398937
cut1,2410,1,57.72491401298471,-17.42863105428607,79.49190064005118,137.8563866958669,74.17494781552189,86.86367061498123,-1.4757249344174392
cut1,2420,1,56.60517022086598,-15.607003998130438,77.85964175989747,137.32668755028112,68.06121330754458,89.56436759857256,2.023055345285792
cut1,2430,1,57.39920643250144,-15.06643732567663,81.81476699131758,128.86324036096784,87.21286689598648,108.61982047165351,1.9820942670356774
cut1,2440,1,60.062851237532165,-18.688333272871144,84.15920984431027,125.845473276615,91.06030882802864,98.43427043186985,2.217376815877447
cut1,2450,1,59.876344578644655,-19.154486949122255,76.78061627882879,126.32601382755917,86.21447068083687,103.09968321261829,2.324647343823116
cut1,2460,1,61.27036983820838,-21.3468614390198,78.8964351179591,125.34778048012143,92.57886162530764,100.39794981210623,2.26047869289605
cut1,2470,1,59.063468795519746,-20.15485037441803,78.95449850139104,122.88777353630647,75.42717133633919,89.54397370858221,5.15586667206232
cut1,2480,1,55.84704720395236,-16.188229128711487,75.62595209535029,122.85776369754468,69.95629996441306,86.51069434412027,5.507511702726582
cut1,2490,1,56.85634253665567,-16.868675049177757,79.52000628675398,132.75651792953425,75.89257145425418,88.62694792426093,10.644962048302315
cut1,2500,1,57.598205669492394,-17.76236958876162,83.9047505670402,131.7995084600673,73.92179466532289,88.52063450597181,1.613891346593799
cut1,2510,1,57.45048781707855,-16.512427017966413,81.1159764112457,129.2394120129968,75.42432076764307,83.22449341531866,2.4326969061390726
cut1,2520,1,60.70649705868994,-18.993241770518942,84.57319465567122,122.53415020690004,89.88297748857113,96.97014520939406,4.373292185518627
cut1,2530,1,61.725593125049286,-20.818972707673886,86.6014594551233,131.4850987521277,83.4866830661491,99.32605315655003,4.208540970079558
cut1,2540,1,59.88994612016592,-19.145485809139643,78.82899259361653,132.16749515171378,79.38657309170556,96.1579474507398,7.838807203452502
cut1,2550,1,57.90513509564992,-17.781601234800384,80.34281140279349,133.25227841845438,69.84437840397389,86.48118867271691,1.5985450679251276
cut1,2560,1,57.035741380341534,-16.809772425360233,77.82989203299117,136.29365185104848,70.91153415148145,88.7721933050501,-1.6573613656474335
cut1,2570,1,58.107064575725,-17.666746707063968,81.54505451584379,133.03516459993114,71.31251833912981,88.25541901420799,-10.950212851343103
cut1,2580,1,61.23105879998515,-19.505775265869083,82.42144918790723,135.0273503511234,81.7361262545159,116.57142886065273,-1.5046857333772183
cut1,2590,1,61.806183908792306,-20.505107555919096,76.81471983280797,129.63008026177775,100.64582945521975,115.0383588452588,1.6866200945431313
cut1,2600,1,62.19073187641364,-21.74742224678073,77.52861960632119,139.33746106541687,87.82202140397365,126.54201717546886,1.6083389011118299
cut1,2610,1,61.00499048872003,-21.61178229050349,79.27212493564576,134.0837081588513,77.43790242157101,101.74729344946752,-1.7076500931593526
cut1,2620,1,60.77488223770982,-22.125292218613314,80.94780590311824,139.8776208132666,72.76300408093088,99.42392203002332,1.4581223125799494
cut1,2630,1,59.46186970471753,-20.18664063828566,78.15597879232058,139.3030487742701,71.22385174668368,111.02629321431331,1.5061292883013162
cut1,2640,1,58.58477020244126,-19.589652766593648,82.21407841586058,137.478287113507,67.55635188599534,96.58667527565132,1.608789269849104
cut1,2650,1,59.2757808025929,-20.08318336269821,73.56612192366174,137.03698300261152,71.88868295980087,100.79795715438534,-4.809186708266048
cut1,2660,1,58.33874686199253,-20.14850710629068,84.78316774070804,137.23543702603217,64.65541241505966,94.34946563908377,4.4974925226290035
cut1,2670,1,59.727419074917336,-19.912194408264224,87.61986227837829,142.03583888639653,75.87377844685082,112.53748486690515,4.5624468584444715
cut1,2680,1,61.35898885072052,-22.316049046836266,82.4127834298667,140.69223845363027,71.84734411315343,120.02671412132477,1.577711915083021
cut1,2690,1,59.82036075292417,-20.79970870503795,76.31792973936156,143.55348089269785,78.07677610172199,111.56486915891587,1.6024292923298877
cut1,2700,1,57.14192991970969,-17.3871177827521,82.04786029092654,143.9939185464939,76.33330124370413,85.83701606443638,4.095965072391812
cut1,2710,1,58.123382666678836,-19.162257390319642,81.90289097224286,141.3202254425601,74.19357313248065,81.73422908858919,3.52632410681193
cut1,2720,1,56.89646649258993,-17.806720340555586,86.0555385246422,135.80108516635937,72.57773095352692,79.91750311077757,-0.9490259787594083
cut1,2730,1,56.67764910090087,-17.624525251103567,89.58997379743434,139.1116798957542,72.85380447425663,76.67558708070918,-0.23083574993135977
cut1,2740,1,57.50221754663068,-18.29031156414428,89.85675316830212,137.51468412697807,75.5660581098331,81.17140332614416,1.7165673445382166
cut1,2750,1,58.59595013259621,-20.074594352185713,92.30908187534271,133.53401872962692,73.62637206975857,78.0137133293086,3.763366229456139
cut1,2760,1,57.36467084709442,-18.305017157200705,90.25127307068172,138.6869715850558,71.91483086623569,77.36002007485705,-0.7759053822790221
cut1,2770,1,58.417473343174116,-18.61546109530394,87.18135354119694,137.16856824911002,75.30496835501744,93.6416760722898,1.5132705457759088
cut1,2780,1,60.82312854454608,-21.17875189157378,91.28488980514538,132.90168884780743,99.01850198537878,91.09616479643333,9.35479938980159
cut1,2790,1,58.47430924307969,-18.116487363425403,84.78996486245713,136.33579545214548,78.76500545736032,92.33030545225782,1.502381996896178
cut1,2800,1,58.95967088921798,-18.15303913680631,84.05756152853284,132.22606754958534,93.45827421553173,85.3232403418612,12.94151578888982
cut1,2810,1,59.73065794897701,-19.36752057613028,88.4697815691927,127.07238030012559,84.02429953020739,99.038558148923,4.441145378921568
cut1,2820,1,58.23437970324587,-18.481957337585786,90.5663462453575,127.91009783803139,72.8110774763961,83.95276064396997,1.4850555402295784
cut1,2830,1,60.573687911053575,-20.62963432186641,89.41375878227143,127.82295009318192,79.13366948033139,87.53095558093457,4.181930493781705
cut1,2840,1,60.31927992461777,-20.939737762162498,89.7240744799101,128.50120732063226,75.58063293766962,85.86677473215288,1.5468707512925506
cut1,2850,1,59.76626577854034,-19.690963369872307,90.4718616861157,129.63523857142317,76.20050200577901,88.2434310327791,1.5013715047624063
cut1,2860,1,65.7311830698738,-24.9901401153057,89.2179335181966,133.0935177339662,90.68681512073927,118.25447004032402,1.4107567720854846
cut1,2870,1,61.94908848030724,-21.445903774357735,80.29093301904928,141.21287413374046,104.75918586560002,83.70482270375867,2.841845352320692
cut1,2880,1,61.20583913849109,-21.296907162972765,86.73061957918503,140.9291667448304,85.24397565664482,98.09096486403116,1.7170562375476461
cut1,2890,1,61.63173486388197,-21.365442019173624,82.20914407269042,139.2648306658048,81.92818427596737,107.28778739311598,4.54572861819895
cut1,2900,1,60.58904903908089,-20.66692596988767,83.1695700634671,144.07559424804097,82.44948534899017,99.78301892427207,4.495709875010947
cut1,2910,1,64.57495895369576,-25.08456007479656,85.90144303899444,139.58794600951745,87.89165040430775,110.14958068699825,1.3395878876082676
cut1,2920,1,64.6344606419937,-25.3748262775488,88.22782962635091,141.86444881717495,90.2083861879395,112.44414175233884,4.3543396950767885
cut1,2930,1,61.73471871998785,-22.71798922727676,82.58123722430376,136.21788235865043,85.08974743039528,96.4164711848051,4.189827101387607
cut1,2940,1,61.602731418828384,-22.522212026937037,87.65810848895566,140.1754889857072,79.52462921399412,92.43692074307907,4.480725668187226
cut1,2950,1,61.50833211328942,-22.329957281531883,87.28476119249221,138.10730633232077,77.38607549024789,91.31755188558286,4.5558620582861336
cut1,2960,1,61.748479877772304,-22.324637391001822,89.08393358408058,136.53316512171037,82.54875236289699,94.88285836271814,4.5064293308815
cut1,2970,1,60.69537929158036,-20.322172292298717,86.70544890386171,141.5395691217929,81.14508016143195,104.68278439539368,4.548497229559924
cut1,2980,1,60.79266585460166,-19.992875735691936,83.25262861418676,135.92584964656618,86.01276835918665,108.74072652707484,1.5567227065034002
cut1,2990,1,63.97485713672152,-23.418741463216435,81.0723244262225,141.67044809615336,89.89511065842979,120.10025587653384,1.6186775159103988
cut1,3000,1,60.67302491508379,-21.02934139090627,85.87107204597172,133.4201022370043,78.20172748135325,94.25190076871901,4.554254258841452
cut1,3010,1,59.91558000189157,-21.34776979940064,87.72392793041979,139.92833719926165,78.27179731713314,88.34597282545407,4.3951208281428675
cut1,3020,1,62.255392199640724,-21.985036421333927,90.89368342259375,132.2663572048534,95.8710004964527,89.20371185812577,0.8433658110087251
cut1,3030,1,58.20746977894022,-18.312963844177172,84.2594097987023,136.49574684026473,74.65970510571566,91.1038554371112,4.816334810377649
cut1,3040,1,62.962840768660534,-21.931351254237562,87.56571050348019,132.50930195912883,96.23269666172249,113.48147833217723,1.8328633709268805
cut1,3050,1,60.147225988340395,-20.15957245472042,85.4742975190564,138.88565767839853,79.81414755219079,106.28187653677035,1.6398933656172752
cut1,3060,1,59.15243006362323,-19.78489913558134,84.36200353347667,135.98647401796322,92.79955175312969,88.60569501512359,4.18793950495479
cut1,3070,1,57.11572007150717,-17.395216485156272,90.77739171332493,142.89224481301915,78.50393963151735,99.40922036495567,2.693098594069023
cut1,3080,1,59.90038296902225,-20.52284051253767,89.82336483758098,141.10343331345274,84.25784667143112,96.11127970351384,1.9708485689623434
cut1,3090,1,60.95867983593868,-21.785405130273936,93.62194439157832,136.23255388891062,96.53388517024173,84.11236218604223,0.6706181363323753
cut1,3100,1,55.3494328819913,-15.87363758797449,88.96846189719172,145.9071347842344,74.62928886816233,100.18563925751096,2.114673019762386
cut1,3110,1,58.60861390213597,-19.43378027432127,94.08969537642345,135.818430185424,85.9638871802833,100.6669861113896,2.7055583672721286
cut1,3120,1,57.60495575410114,-18.202137172094975,93.43813938397909,141.04598996601587,85.30551121691502,81.45022964223557,3.8937126252731034
cut1,3130,1,57.63133763721154,-18.488927022614853,87.72456300223799,139.0459570626649,78.57295247299896,95.40168657831178,4.43298022010848
cut1,3140,1,57.070149284901,-18.77533022542433,83.55411478780127,138.25730181926323,75.00780134442446,93.46520960291492,1.6132677026455973
cut1,3150,1,57.49715362703442,-18.98314964637859,88.54888210356884,137.19697314370356,75.82372773805932,82.58520884911032,4.5381025766674865
cut1,3160,1,59.587896742911404,-20.113989177950852,97.01071385061334,141.3411901193757,80.16687891086706,95.03738405401847,1.9868085538593745
cut1,3170,1,61.5541757034232,-22.19728826005433,97.77308684478666,146.32254819199085,103.21125023608415,85.1604606729142,3.36641555353299
cut1,3180,1,59.68527722798038,-21.146905908064785,91.22278383033469,140.88721127144657,94.60942052851685,78.56080663622045,9.530574563937469
cut1,3190,1,58.443668359927756,-18.91607781018144,92.4745503887409,137.71793281695545,96.20066236182838,81.23176449995195,6.68798580437099
cut1,3200,1,58.04856093714419,-19.542418453052182,88.59062804225249,137.82745940703668,78.50542397275218,85.40717772528637,2.138116723484544
cut1,3210,1,60.274592026512565,-21.857854871021722,93.40240280542042,143.93967421590872,78.59362735186382,91.63081207058748,2.019029744290338
cut1,3220,1,59.08507126372345,-20.40865639603703,88.82363420064719,149.33855972410248,72.89277001626903,101.47912340026048,-1.2308666850748036
cut1,3230,1,59.10708165447271,-20.615967054037014,87.7373226775205,140.63821958278146,73.38190936383525,99.57416538291008,1.7962324097005482
cut1,3240,1,59.868628170520154,-20.81414285050247,81.81160167967629,134.52015454799036,76.08605955037662,107.9169405318938,-1.385296979618549
cut1,3250,1,63.68366671830178,-23.881619039575458,91.86738139573788,135.49732792106886,85.67406497838903,109.45854105069364,1.7169419454517219
cut1,3260,1,60.85191424276917,-22.279237972149836,88.62518305851373,138.00209478144606,76.91980489224756,98.08888758659297,2.028197238646019
cut1,3270,1,59.403752068282344,-19.970713382683932,85.27487065765887,131.91846647651514,78.59100693109325,96.94252731280538,2.067816173767711
cut1,3280,1,57.582135598374116,-18.509034391250445,94.92951781779776,142.3712834198081,78.99522413143539,91.03997523219448,2.8755767274302406
cut1,3290,1,59.81785812567361,-20.499100683467336,91.67126537219109,137.71284646960666,71.65073940753179,92.83918607650523,3.000364467767855
cut1,3300,1,62.42584528654778,-22.938722347091094,91.5804369318609,138.46649900947457,74.76179702218921,94.73753240009779,3.208706048374142
cut1,3310,1,62.46594036740582,-21.90714456686254,85.34387604116704,126.06042210431117,82.84210392397088,117.81991307056562,3.1151066277453503
cut1,3320,1,62.032733344717016,-22.784543858908442,85.79041282224833,130.37969021102936,81.76138246603882,103.32057895022474,3.1198754524161325
cut1,3330,1,55.944834804447204,-17.36209852180553,94.92043471745035,128.82026491730934,70.36136079463782,85.38170954889927,3.096112330153583
cut1,3340,1,57.1968768614669,-17.959610653265404,88.93612964902769,132.25105294161207,71.45796777297795,92.70009575229112,3.3887499554131004
cut1,3350,1,57.2291444370324,-18.333188959581168,90.65126243658284,125.54944787178596,66.67802676182237,94.41669962167768,0.18076776132955086
cut1,3360,1,56.72118206075808,-18.06067374329996,92.81853431814189,131.72467986967055,71.8544848794283,84.20673950804367,3.162946303484562
cut1,3370,1,58.318011992088884,-20.381541741199605,94.47418308466952,136.67203441336406,66.70819010654914,80.93428663704768,3.692848355900166
cut1,3380,1,57.730176503191544,-17.66701862752104,92.4904758920939,130.40085870300956,77.02886180766798,99.41459485689873,0.21034416621895102
cut1,3390,1,59.36212894993214,-19.45066190437773,94.20495361546482,127.20847113986976,82.2112027799874,108.18993934850474,0.17945352407656776
cut1,3400,1,59.966960677280035,-19.6739819988956,95.65806019559182,127.95086316650253,85.58033789377875,117.55418390042811,-0.013294175566332287
cut1,3410,1,59.941781292818696,-20.773085519255886,90.68910434394597,135.16877550570476,89.6281825771917,99.8345326346878,3.404223577624266
cut1,3420,1,57.72312558682677,-17.44361771800304,94.31465394686931,126.43916037492187,81.48840453534721,107.73211322603402,6.448013787996114
cut1,3430,1,54.070719739286865,-14.198836327596732,92.45818026246285,133.19040746930708,66.29620350027842,82.52544588540111,3.6021981334497504
cut1,3440,1,57.70972831898136,-18.41881001002135,93.12275688877172,130.40467168403987,91.14447462341778,87.74585603334525,2.6232070463796435
cut1,3450,1,61.792616736263426,-21.647611776276698,89.90420749651963,123.52422174585926,101.30912809410039,116.52851249322536,3.412925558027971
cut1,3460,1,67.09427562101695,-26.182407533837626,84.21918537021548,122.63543525137011,120.37741068809024,136.40589260420649,4.3423111300327975
cut1,3470,1,68.72152926620973,-28.474773844747688,85.44070054085272,124.66435257030959,133.9158411366319,124.05644668635192,5.204402013235198
cut1,3480,1,64.47426885617956,-23.560614404280162,89.02482383739638,129.45690249021322,107.43454678998874,115.42243906822256,3.6496672445913068
cut1,3490,1,62.42743558742711,-22.1783740252034,90.73024853103048,134.77624738311505,108.51487921598125,104.8435192967057,4.564325448406846
cut1,3500,1,57.71158873395304,-19.039567083024934,81.11609879782412,137.31603122961047,88.86905968910736,86.53333775453895,5.918942433961789
cut1,3510,1,63.62198135628177,-24.082200494809587,89.02649306630656,133.77936268579663,120.21371726128761,109.3453450014918,1.8453414777211652
cut1,3520,1,57.9647247954063,-18.964383061679534,85.71860648972324,142.90601881350196,92.73203135977226,88.84731229361769,5.735379111516373
cut1,3530,1,65.48475213288685,-24.915050365065785,89.67979062938133,136.24460335255378,113.92873519709366,106.68530923784583,2.6232222448342
cut1,3540,1,72.19546303418609,-31.670920526090125,87.80417547863739,134.95382896552098,141.55243268797972,128.19072079052324,5.1402962943775465
cut1,3550,1,64.99901691886838,-24.43678472403815,79.43296961767793,136.741187272099,121.873264989258,115.66078563870003,2.239276497432908
cut1,3560,1,63.1078217074969,-22.943908006368524,81.62341554162036,134.96141972556237,114.7199551553609,107.49709371089472,5.930088901580148
cut1,3570,1,63.03666596808046,-23.45456268582735,82.33996197593581,129.6537935261062,108.19443065540185,101.20809523408491,-3.629060603230513
cut1,3580,1,65.57712302921725,-26.124028056913293,87.3512981538538,127.80497884776122,101.678368029936,108.45430500872806,3.8705848586896376
cut1,3590,1,63.495759903960554,-22.596194745569075,92.47936672912006,131.83184679850692,90.56482960985247,122.21932673689008,3.398218734305481
cut1,3600,1,60.940117301047486,-22.55454790794557,83.31944465412258,136.18198909712729,86.89105153712471,101.30037428865913,3.830099294687706
cut1,3610,1,57.73731541256886,-18.309119033949017,82.0241181033198,131.60890842269103,79.95184758773168,94.25128789433667,4.079438929581528
cut1,3620,1,61.90264738344376,-21.47197965167566,91.18076909528693,127.79542227847593,107.56639881097131,98.20523387080367,9.456047698952931
cut1,3630,1,59.27923249426263,-19.927457909171512,82.50422113199612,134.12608401136316,82.18579248775642,95.91262939606824,4.453919936585314
cut1,3640,1,63.672493129356994,-24.088529273501763,81.41737530019432,132.99863709779282,101.3215224942143,121.07545979193827,4.552988303477922
cut1,3650,1,58.92645841828826,-20.21165831018661,75.6679011756019,139.36081088050508,88.89566170613415,101.8312736642497,4.217758823502076
cut1,3660,1,56.79700699690624,-18.125068165207402,72.64862931464552,139.87156276279495,102.73708286434315,87.1711466748676,-3.3161349366288166
cut1,3670,1,59.785048957217654,-19.555361771223335,73.92442276330034,129.71504546465042,104.3685902523605,116.890812927781,1.3456643099369703
cut1,3680,1,59.866495730476316,-20.503917709594607,80.09107754241337,134.7760569860427,86.80205612835923,103.69164100885055,4.560000692730506
cut1,3690,1,56.725796267784446,-18.409430417279093,82.15599373913552,143.923666317836,83.8271242986572,79.79186372251421,12.07255708617424
cut1,3700,1,62.11097996268377,-22.762721049319858,82.70332793098348,131.17890441161492,102.85861032331874,112.49447199262482,3.161807593767866
cut1,3710,1,57.347020727005756,-18.64575630750235,88.29192233452348,138.89884779696553,93.00654773790586,83.00285270505253,2.099583410908702
cut1,3720,1,58.818965290393685,-19.836363422764837,86.33406638059344,137.42210718115697,91.2755833103403,87.8333274559018,12.247936013267987
cut1,3730,1,56.38794870197073,-17.534299030933774,84.96498410895362,138.7723696818886,70.04785765754987,89.7013723467939,4.370359404016905
cut1,3740,1,63.20230817791183,-23.685164437104742,99.29037026561656,141.6364626070085,95.16399436678613,108.9776447387161,3.9444738294149904
cut1,3750,1,57.59836340432594,-17.350478830966665,93.21233414267596,141.2055459384889,100.16597472456144,90.52855227021458,8.922112167179725
cut1,3760,1,54.36094459922303,-15.567243281239016,93.50224227408813,150.78675137332564,66.0277158911525,91.05583545015729,7.99320489096763
cut1,3770,1,58.59098290312977,-18.32931591289955,94.16532003408582,140.24141128861123,82.20182972102627,97.67707358511085,4.5983664606790295
cut1,3780,1,59.56507595360883,-19.194377910020933,87.86508454345598,137.09518877044192,80.19314856454704,109.7828302974637,1.6273301823817248
cut1,3790,1,57.02842845162085,-17.307479793876645,97.06450441589797,138.49077180482004,83.0977011524591,100.63498905829516,4.3751173574445374
cut1,3800,1,57.80387662227861,-18.70724716868292,84.57940066040258,134.30359501553926,81.75769278629795,95.34823393566735,7.969459466619737
cut1,3810,1,61.45820936787377,-21.69207095260518,89.6130226911097,129.2245339979203,105.92229515197346,95.93082863683843,2.682033211624233
cut1,3820,1,58.48313594940321,-18.63006066185851,92.62405673477483,136.71472350076857,112.89409770976823,90.26857879016534,12.64531016147195
cut1,3830,1,61.304706892132415,-20.95421305515404,98.02895587247356,127.30309746025658,100.05383337351633,124.11962610369925,10.870130301299692
cut1,3840,1,57.02508213010985,-17.121235057818804,97.30797818031485,128.06786141901281,84.00159908707788,102.92486339232995,4.712222813714657
cut1,3850,1,54.54384877058348,-14.75592512480774,92.34181665392536,129.54786786113044,76.2926421729377,83.48808865943326,4.605637410349769
cut1,3860,1,56.91491914566966,-15.556837802278485,91.35624616450603,126.66406363046069,89.28135880494334,106.26204473738825,4.528297951451259
cut1,3870,1,55.99843870910085,-16.78050589526916,91.25663280817449,131.6117774865472,67.28104631788689,89.27110181594759,3.885240099388407
cut1,3880,1,58.08121981965286,-17.482451867777705,91.58949527905497,120.80007997957041,89.90357898206587,111.92466071890534,4.346295791622316
cut1,3890,1,56.38896358492311,-16.55595179364799,79.05053102654672,131.0429722343817,80.31624176408862,117.24503200942955,4.199328557430906
cut1,3900,1,57.529920759858484,-17.60225803681491,88.23368553143395,130.57903090704497,85.82979509376665,108.91562408600097,4.470665341562617
cut1,3910,1,58.057734203824296,-17.27921400874327,87.6177383574395,131.9041357202361,82.13744101502245,114.53236556757241,4.642744392492882
cut1,3920,1,57.44738848898409,-16.942304995530474,81.7891734965177,131.9999292683764,89.05523897964108,116.60631838931182,4.36486186858453
cut1,3930,1,58.94548383465431,-18.007040008155606,85.18592940069058,128.54942713737793,100.76917077166244,130.8190978534005,4.403191753443078
cut1,3940,1,55.80257633601779,-15.193544502574344,85.21480625451531,142.98600006982875,74.35886725760759,108.26987883694281,1.460272316645816
cut1,3950,1,56.80282817010025,-15.77162090293254,89.55207994053495,127.36310279371082,84.32149690804124,114.43664588864837,4.43635182248691
cut1,3960,1,56.50109275320535,-16.140569534243273,91.70355858257827,130.98999287607865,85.66605108720846,90.49375450948415,4.33696741948309
cut1,3970,1,58.60055681350163,-19.15403298243535,86.43938658467071,132.15479788697354,81.36310233321224,105.58148191083266,7.713939781549843
cut1,3980,1,59.13804743058574,-18.67466234169647,83.3328695739447,133.68990204883949,78.73196574371168,127.02445769031218,1.6573730595412974
cut1,3990,1,57.71671840680418,-18.006486375883068,79.90888892206817,135.9440078090736,80.94673536383218,134.55275656975678,4.592135914959634
cut1,4000,1,56.147637544200485,-16.575701900059595,82.3186521763501,131.33318721143095,84.46725699390424,120.52628942863626,7.809189265133444
cut1,4010,1,55.33449360996608,-16.57724391539818,79.23181483165303,132.45360664735426,75.1468116317981,111.36113815482038,4.598791453502204
cut1,4020,1,67.44212743184197,-27.1137584633638,98.35370035901825,119.6033128396444,122.78251808743349,140.6364811388595,4.578581415447229
cut1,4030,1,59.579048937392216,-19.692309484081644,88.02615305613861,121.3908485703717,103.58794095445775,137.34202580477233,-1.7435786315791164
cut1,4040,1,61.94030284364845,-21.149820127314396,95.65585625919893,126.63625287747993,113.42649005785069,132.1147893918471,4.343142893509799
cut1,4050,1,64.20594444664755,-24.480318175580187,88.35146196173315,120.58161425812678,118.43437978161128,142.42736926311073,4.440720577443095
cut1,4060,1,64.69275987579543,-23.016330166019443,92.45812967431276,131.08511995247187,107.08887258420825,148.39301270250496,1.5502553472297458
cut1,4070,1,60.61148585659784,-20.14171899579437,90.25208259648691,130.84707692809783,132.53673889258005,99.82210733837292,6.210590477977614
cut1,4080,1,59.459257527698675,-19.64425481043101,81.15001583322604,129.2191068305644,133.11334000532693,91.87963674841221,3.0594590635243715
cut1,4090,1,57.99571709548064,-18.287643717517287,76.70529045464853,134.37797877492736,81.70610798281696,116.28327093709855,-1.7296830497859548
cut1,4100,1,58.868510083876814,-18.861066017225298,78.3987465242528,131.81563522237548,87.48677936107734,131.77528401828076,1.4397429948603693
cut1,4110,1,61.63861334563975,-21.266956087670668,79.95183818280556,131.42483585615489,95.79303104006269,125.49657743806014,7.489686254417051
cut1,4120,1,58.40572109397695,-17.902234913172364,81.30207911226324,135.57770446716566,85.21272630752189,137.43739942706446,-4.719793077603085
cut1,4130,1,62.20866055913979,-21.68724579737004,79.26716675394267,131.8786858648374,98.70331960623022,140.55899818265587,1.4815536277939036
cut1,4140,1,61.854144756347544,-20.45259103829773,89.60673439349242,133.3354238626563,113.3105796313795,135.84697544038184,4.514066086329051
cut1,4150,1,59.37084022585758,-18.75743581803703,86.02591295184486,136.71435905458208,130.98600042562137,88.33687286082656,6.072398660140646
cut1,4160,1,57.86389648393792,-17.20729889987752,82.71171570144784,136.09953830500172,79.12349199029978,124.50336079912525,4.519439732673759
cut1,4170,1,54.79028834283622,-14.614637491349551,85.3721906639154,135.3602107590104,72.50421325332134,93.9584860280379,4.413375609236723
cut1,4180,1,55.941196593419164,-16.74617687398479,89.41707506953789,136.6941760541585,85.87225039903294,78.03410371859353,2.3920564928685573
cut1,4190,1,61.49341577787542,-20.397521024670496,91.0191334481528,119.39024854645614,130.67940167076648,120.99478974539696,5.26239992769201
cut1,4200,1,57.56328368298259,-16.996837897453453,90.0267154614961,120.96615238906409,95.2802928805904,89.33712108902878,5.740458055514648
cut1,4210,1,61.35878228297983,-19.392778614992714,93.00256110005915,119.74637924420607,105.58764152754593,124.93484929257231,4.579422894873282
cut1,4220,1,58.44429774081964,-16.859844120732706,96.188159894753,123.3110988282997,92.68388718866196,103.58013339629507,3.9810909134282157
cut1,4230,1,55.85059924085557,-14.807448959467159,97.59063414530048,126.7793145931291,76.0430208094714,86.0701734704689,4.212926483001246
cut1,4240,1,58.79660547601284,-17.963079579973154,92.12764765926069,122.2417962793572,93.45723914820239,87.80623160045769,5.456074206340278
cut1,4250,1,56.594473637503704,-16.685957363486718,91.46776891501891,132.9046306946857,73.6348745059665,78.14338595737699,2.6551669176143644
cut1,4260,1,58.6522586252664,-17.166439445519046,93.74088125085693,126.14910484724994,82.92752755385956,109.30272591500965,4.639948536616099
cut1,4270,1,57.339048119573405,-16.024587467940485,95.36249788145672,127.25067028735418,82.98225655058891,96.34102278397646,4.643219277734127
cut1,4280,1,55.285777687310535,-14.100490932046505,91.29774101263494,129.03931435355068,79.29660236242253,97.28963563587972,1.749543299072012
cut1,4290,1,52.132110032194056,-13.541260151222462,85.18445978276968,142.86272852250886,58.155542952238676,76.06067659788636,4.799751144463454
cut1,4300,1,52.27270338744135,-14.113941958904762,90.83863588007753,147.0139129629928,54.793173338463696,63.36139118263963,4.823566930412154
cut1,4310,1,51.86802487335401,-13.449962534862722,82.6319054543337,148.19669795815764,61.05014020423226,72.7825356037425,4.769669194529467
cut1,4320,1,52.406005990349186,-13.997935182804923,90.14541200819333,141.3557046554408,60.43542811743268,74.29334305627107,4.792344954631376
cut1,4330,1,52.97075496507628,-14.310446680471872,90.75309634639093,142.81488223475037,60.07255058048776,66.99270724488187,5.54081532033577
cut1,4340,1,52.86695019368247,-12.62231981291813,88.90337543959885,132.62117694179273,68.08381756828138,75.88898961959521,3.5661787048075397
cut1,4350,1,54.79688517667701,-14.850405308013164,94.77963015475767,134.83093655312152,70.5512248043012,78.74133854273273,3.8841532083152206
cut1,4360,1,56.077890352027445,-16.81238230002064,91.92709060116773,131.98075565488247,72.73196514448789,79.07488333493895,4.267210483831852
cut1,4370,1,54.75862128902561,-15.048302558802906,86.48060847440115,133.5873416966275,72.30248839247584,83.42230842947568,1.9840476862055023
cut1,4380,1,55.08307991380767,-14.891248276511188,81.27189787298434,129.9632396123552,67.47335466203802,83.98894446891589,2.2838124553626296
cut1,4390,1,55.12192239437491,-14.714806250757027,80.10895780285294,127.99640158981721,70.68322025705186,94.16720539349969,2.012663799299903
cut1,4400,1,56.308233238556326,-15.838567586833513,83.99320513304438,126.23619711411355,71.31344195223603,96.02588133740605,1.885475549748365
cut1,4410,1,53.34437021853806,-12.502921635004371,81.40316952237424,132.66978862909883,62.33720522576528,91.29392852251021,2.049168148412689
cut1,4420,1,55.28978876729337,-14.846234141179671,82.2288675275162,128.6627640276183,69.50948796976604,91.0598702345849,1.9927364030656227
cut1,4430,1,56.03561864371115,-15.813955192351392,81.65378410095865,129.01529175475204,73.87396572346377,102.09888727618045,1.794965395317948
cut1,4440,1,56.50105610187209,-16.070097408735187,92.39584063148632,128.82056470305434,82.55950031042629,102.50578847917274,1.8528959102600822
cut1,4450,1,54.736507277857704,-15.821339584272373,82.89131296153138,129.85572837066388,71.91408513840392,84.59792250948055,2.0145828889571686
cut1,4460,1,57.40310552212746,-17.315493993560924,90.12376470507053,126.73834711114726,85.83180020091825,100.33462708407151,1.9370204500394461
cut1,4470,1,56.95259030551276,-16.86713419739593,73.90372640865637,114.98263098121237,90.34044630942893,102.15502865360675,1.736556596045154
cut1,4480,1,60.428066303173544,-18.896585916082557,82.62452774536695,121.25109855481108,99.38372526085394,122.85602591872076,1.5792664137392871
cut1,4490,1,55.04412651542499,-14.697837213470997,94.64799292209995,127.63565793834263,79.72992181788308,100.34209400820505,1.8312606614767568
cut1,4500,1,55.20258137186722,-15.968699886894399,89.2432856916602,136.2984891973754,68.83350852350358,87.50288735843381,1.8956694048422595
cut1,4510,1,57.895139898138005,-17.5412375041341,91.84250040906403,131.71896371265188,85.38511134926817,111.10596942476744,1.5840197695087206
cut1,4520,1,56.29824131767931,-16.235105360858203,93.63590515107254,135.22349227640302,74.8451104675288,91.29278121674719,1.616804935836099
cut1,4530,1,56.00435255270438,-15.521875760276354,89.29710944688254,144.03983089342026,81.7948474784879,98.9061899870506,7.845118304358795
cut1,4540,1,56.30775202724813,-14.841318370029683,94.2086720166556,141.5445762643389,76.69917843190574,115.90662978366407,1.5933888585821896
cut1,4550,1,58.14964133343794,-16.394378583698977,98.14411011839498,136.051010987447,83.00752153165583,125.87690658078604,1.3667002555674335
cut1,4560,1,61.663092867444185,-19.76446347680577,91.50856544777679,133.78172552516645,127.28645511484065,112.52947190849751,9.0175352213964
cut1,4570,1,60.07184343167471,-18.646439552454694,92.6430233150717,134.7931999723936,93.65051418578702,136.5317758444203,-1.5337627706927335
cut1,4580,1,59.24960815629046,-18.80675137061793,94.7677761441653,130.40712886204102,83.77795461744202,121.83535691386393,1.6339473571305665
cut1,4590,1,58.56914862345767,-18.654698136028607,89.35053084973748,128.96956551248618,80.31182039892424,103.4923591571857,1.7840811801860648
cut1,4600,1,58.93014741713464,-18.31123448124013,93.72134873684588,123.96470110747131,85.48914731154366,99.17335493490235,2.112804170500662
cut1,4610,1,57.94709807523032,-18.023657139491394,91.19655600785822,124.57245938074902,74.94746356277271,93.28825695780107,5.53534971009905
cut1,4620,1,61.325182616072134,-21.005666620216036,91.76408942539989,123.60597235244674,91.63249903184295,105.3313241558396,1.7825310222723387
cut1,4630,1,64.44819611839841,-24.090402932757378,92.94996014240697,121.6185276525472,104.76829258427927,114.59804181899761,2.1925059895513286
cut1,4640,1,61.56033788533826,-21.204052324140296,91.29414349695003,125.26003216454842,88.98232715285538,111.78060860173154,2.13087266802321
cut1,4650,1,57.19176989228062,-17.02020091448736,86.06048846785133,127.4453835575006,80.28989268012198,96.90565228592969,5.616456189456243
cut1,4660,1,55.852262254335585,-15.768891646585844,93.1704833063989,133.2275333124781,71.3969615121334,97.12247238697103,5.515130091914134
cut1,4670,1,56.201734339764535,-16.349975034260947,96.60020653768393,138.43884622415254,66.99537157719942,103.2841699597175,-4.312800292125369
cut1,4680,1,61.29584060031335,-19.794853228026618,99.87877414156038,124.68001744290899,111.98084065553441,95.54176915838909,9.702974765674655
cut1,4690,1,59.61898135039105,-19.633758140500667,94.1802546299881,134.59014464298818,79.03757863095167,94.92791455947781,4.616637918324246
cut1,4700,1,57.5533489922343,-17.859461983055567,95.40868687723341,128.44983523061356,79.78288721337309,95.94231328479003,4.6917390308503615
cut1,4710,1,58.07797213180648,-18.237814855586596,91.1489516118314,134.9384709863538,83.3910255289496,114.36140765866097,1.6966081641710868
cut1,4720,1,57.02820532702254,-17.349700921976762,81.3705183648632,133.95051329180455,92.91532273747858,117.83146263437209,1.6630990567455635
cut1,4730,1,58.222144904033314,-17.75193959679819,94.09160955951366,132.84132362080155,87.53206057157561,125.71369405676931,1.5359695396953237
cut1,4740,1,59.34553155137094,-18.627322654433506,96.61084492243164,132.20951367604812,91.30358634867771,129.44853240352916,7.769862231815193
cut1,4750,1,57.544387452596965,-17.78788704869284,96.86004225200816,133.3699874067787,90.30592617900935,104.9947221616887,4.6908792535768455
cut1,4760,1,58.91378266256511,-19.07436865751561,92.03823266460601,129.87967689047807,91.37784034487949,109.98631494686752,1.7231523370043826
cut1,4770,1,59.41984828817555,-19.086836327133618,87.75713264395502,132.159248455601,92.6252959014299,133.79603287122546,1.5875486134010393
cut1,4780,1,64.00497048893958,-23.697134274702993,79.10513354001523,128.68081912651652,141.61154151988026,115.29565883452956,2.816731701758522
cut1,4790,1,60.44453709177739,-20.213953063211356,97.67608340336174,127.3421888000082,103.74352885687597,126.15636689439098,4.317039703349085
cut1,4800,1,63.048695610460044,-23.528486332877954,94.27493598940748,128.37616525510867,98.3202207000211,112.82263702365495,4.314800030742742
cut1,4810,1,65.39192841175571,-25.982426762186172,101.70854422543974,122.85523711281323,116.79959718909808,107.6501535771434,3.0419408969648565
cut1,4820,1,64.40200501702351,-25.1794762886416,98.59124889728574,126.51027037077253,103.14380289885374,130.31032002160768,1.9543808998879855
cut1,4830,1,63.65376393595636,-24.004238858611803,96.07542465288337,128.1081490445475,106.00634994232401,124.84972377320491,1.7386093577710002
cut1,4840,1,64.81728276057272,-25.352984784415558,91.46814134001704,134.45172806506227,104.9009439267661,122.5071066382531,1.8831360539119475
cut1,4850,1,68.06673803615509,-27.713917490911804,93.0193392907284,128.36385312182622,111.55965095036653,123.96464869695143,1.7505185865877275
cut1,4860,1,66.03376564144006,-24.822440065651914,90.853507405321,124.87197802047866,114.26771002946383,145.40695708831402,1.6716896611549374
cut1,4870,1,69.32172930259439,-28.74792419323918,88.42212311067468,121.04407403702446,117.05050976019369,149.27127661607454,1.5776757499264578
cut1,4880,1,70.04847768958153,-29.098774432269217,89.82520150011166,125.09809245187793,122.29436050962889,148.5343762568684,1.6026145521194348
cut1,4890,1,65.06832872692748,-23.5826438158596,87.84763263532689,125.43663935312173,115.42994624970532,190.36329934893783,-1.550233502740587
cut1,4900,1,75.42686246426344,-33.60037150858319,85.10561932314171,127.37333944125841,151.5681730649609,249.6594491487095,1.593538394288654
cut1,4910,1,62.00098402698489,-20.997408221889362,81.01142279239956,123.93058459480623,99.81764220217853,158.56432413078807,-1.4483780788032166
cut1,4920,1,67.78353582355203,-25.744098875086937,91.40595724414013,121.16335999751833,130.5516432322563,192.16550003131593,1.6455586670975735
cut1,4930,1,61.2041954718371,-19.549828061536513,90.80888422973779,121.36048496824296,95.16106235285798,165.3252732546894,-1.548468955075259
cut1,4940,1,58.082234414391124,-18.182819689652774,90.32349146576759,131.62757341557293,80.51478782041164,116.37042029003447,1.545804444853458
cut1,4950,1,54.80997100753742,-15.142768668333343,88.32383559520392,132.10495862956853,75.73811870920606,86.4637987219544,4.754057053916004
cut1,4960,1,55.57711350619012,-16.33760227664999,91.70697102277327,137.8658873811888,69.74997938068876,95.11071234143071,4.686861990189727
cut1,4970,1,58.52820323872806,-18.018324034726586,90.48132530546133,121.81820596758897,87.64122097409847,100.31156511300196,2.4946962808635624
cut1,4980,1,64.49107965723738,-23.111993716416762,88.12378714587012,122.53287699937759,124.15847176535515,135.67262989652406,-1.4820266204811543
cut1,4990,1,60.26989414659505,-19.41793192914303,89.90679142566987,121.25057238006421,103.49214620148803,139.06200282814646,-1.6076653337798426
cut1,5000,1,60.040424599836236,-20.580466047334586,83.21287850422522,127.31622043622359,92.10681859926447,111.08340405024335,1.4262467977485587
cut1,5010,1,59.890221883160784,-20.668233484509553,87.66950428154342,129.34710563622886,93.54491831414934,101.67538476458002,1.5079024990836611
cut1,5020,1,61.49075092177359,-21.791846483948444,90.78784427517965,127.80388688478526,101.03085059737948,115.98928722479762,3.360000403612327
cut1,5030,1,61.49201023076795,-22.02298026365416,91.84930705491213,122.89361481115756,93.16909263597688,114.35037097969114,3.3332265373958307
cut1,5040,1,60.42059761317345,-20.905650771424355,83.46816169735547,129.67880312405146,101.32952114743598,94.47506618601116,8.640054363630936
cut1,5050,1,60.967812576621995,-20.723580674250936,85.58925904979138,127.63016540411763,93.74583598613921,109.20657469033391,1.6921772008695233
cut1,5060,1,56.452970080221924,-17.896236420696017,87.05690350296892,130.97225375823731,94.50826698392638,66.18608453298573,-6.312248557050092
cut1,5070,1,65.50143750836853,-25.484394004640244,90.17390408443273,125.37499642954201,112.05762285864645,142.69315145103118,4.566913453193518
cut1,5080,1,62.929172916782115,-23.34446351408853,90.99087586201682,134.07507691610172,89.83289886601754,127.3418168818866,1.661798875759552
cut1,5090,1,61.40187787641988,-22.16337981930805,91.58365184388516,134.97040434378462,88.76161964834691,124.44339605052731,4.626936514610463
cut1,5100,1,60.26520237976976,-21.293211645851308,93.81687031893485,134.40832973193912,81.57024721796851,112.23768734101243,4.6657221649920535
cut1,5110,1,61.688408772332615,-22.145861899676667,90.58938608357876,134.3253769514186,84.32963848350015,113.73911501937026,1.6991174380965821
cut1,5120,1,63.35136578357986,-23.813847250628054,87.4641189207038,131.5043961508124,105.85461961865578,96.78259828337832,0.4050868503265775
cut1,5130,1,66.00547472082647,-26.08842883461858,91.66773300701134,129.44567890786942,107.8258968752243,119.58471851094555,2.719339076590288
cut1,5140,1,63.37671498414248,-24.122684169577095,86.9355017352962,134.35954547111274,104.79593903336051,96.8531882335768,0.6653242305030819
cut1,5150,1,63.543309185469965,-24.007853532051993,91.13304286691374,128.98424080648078,109.24867952306987,102.40059157633785,-3.01373621205406
cut1,5160,1,59.333354740327735,-20.454309153084694,87.94262025227417,135.56267445484713,80.72578660454533,108.82357157410831,1.6790685900157565
cut1,5170,1,58.43610421792564,-19.472979512679707,88.07646746102067,136.8222020970319,107.2128413543541,82.14086853326972,6.369745990902708
cut1,5180,1,58.3870888011457,-20.229310997399317,89.76142844727708,132.77936103695487,76.96314527728373,102.551730898574,4.616103934776628
cut1,5190,1,61.39464243667377,-23.14796813475564,90.40964798433244,135.05411071876853,98.4621527241015,84.52516313548946,6.2546608310172
cut1,5200,1,60.85367716242806,-22.422452196329363,87.51906703984332,136.93761490192472,79.78214230468247,99.75789178797325,1.7427824387688409
cut1,5210,1,61.64147198355371,-22.910813731035322,90.60749572877606,135.8486509751653,83.02511812192132,105.09390496606089,1.7997163564420628
cut1,5220,1,63.8350998093212,-24.683555629752696,93.01841250795289,133.28652432707764,107.31811990849447,97.28445966962298,6.057225370669104
cut1,5230,1,62.89524150040256,-23.687538840964397,94.25684113041105,132.9447973083571,88.03764991710342,123.26934968440321,1.5175344892592701
cut1,5240,1,61.986895848837136,-23.475298925782223,92.53701346506563,136.58282507670364,81.4522003547172,109.90023656216052,4.512874773084879
cut1,5250,1,62.574383443035515,-23.62253894892415,94.31366548948591,133.24416830856282,81.81724902421759,105.76998262576211,4.55745271119203
cut1,5260,1,61.90676343862003,-21.95130761039783,89.49657362315541,140.90966097149493,75.48885773853434,118.73385080745985,1.281682660548551
cut1,5270,1,62.16104439437527,-22.08181480384724,91.71190152436162,142.07261920972186,87.6371449813454,120.12062460298748,4.680196266178674
cut1,5280,1,58.635745156856686,-20.66518682543557,92.79719312893405,142.47819422878257,80.28002737390527,94.55687859728614,4.242716362321843
cut1,5290,1,60.65691830938579,-22.683434487728135,96.44130751869122,141.45877830138232,88.66437154125968,97.3901389710983,4.041313054694197
cut1,5300,1,61.59324357645562,-23.10618348407395,92.9171277993197,138.50247746246856,76.83861723946566,92.676643084138,4.1295981805221
cut1,5310,1,60.59196016312937,-21.83341637513368,93.38948167127096,138.06485933715794,77.39574221134062,103.2464634493314,4.118999959613706
cut1,5320,1,58.30301289977885,-20.462579497128214,94.67969465628913,141.3716394686902,75.25524347466616,94.59419790791182,3.9908772674260833
cut1,5330,1,57.90145894531691,-19.601080182711666,93.67725855342287,141.70151586168757,73.03949714922733,98.85211245205787,4.213013322187976
cut1,5340,1,57.33588039897171,-18.838539899557038,88.81349842348239,148.2534207699101,77.14112620326883,101.14961879486323,4.096320621643486
cut1,5350,1,62.35027701373236,-23.25714099953174,93.79317359069522,144.55006917188584,88.30266549539722,120.01239442027037,4.474929665447498
cut1,5360,1,61.376797830223985,-22.402563293570726,95.5304292433044,144.45109004692074,90.37595792329283,96.89100461993173,3.6897104811867836
cut1,5370,1,60.25862363669878,-21.46216865167448,97.92646354028138,141.67810140157542,84.96629190711133,99.9937780693355,4.160873190358268
cut1,5380,1,59.742464363606665,-20.885213276077174,101.0283777912541,141.97525058926996,83.33001941691083,90.35516110783546,4.434446243509302
cut1,5390,1,56.81537156951532,-18.045315147575604,96.92121365981367,139.57168514650235,71.04692621951325,90.83636187011025,3.2310765561719412
cut1,5400,1,57.91697945416128,-20.698204217908327,97.56302266322108,141.10344834923274,68.90727416148282,81.32414066370436,6.592418286031841
cut1,5410,1,57.956961379469995,-19.681961620555622,100.93591601999742,135.40889610312334,72.14605968122932,89.7333998419908,3.552021112620424
cut1,5420,1,58.06186472486666,-19.57677840453895,101.89700394024834,141.46140972929902,67.14410510688379,91.39756349240636,3.529340984988085
cut1,5430,1,58.6662432425703,-20.62274504306997,103.68114843818402,140.56925695695466,72.3839560661704,85.23178495686184,3.444090995170764
cut1,5440,1,57.56301573532349,-19.907342602814257,100.112854947095,144.1739239995273,71.35631739664089,87.70480612185831,3.6903301074850288
cut1,5450,1,55.832321817898595,-17.307785880595546,100.77899275481715,144.51162971722712,73.1424046282228,81.41922569373013,4.080131320190955
cut1,5460,1,55.95812967384207,-17.71838972364362,97.31371155031786,144.30477173955055,69.25290370260996,86.6955201579,3.9774426044509714
cut1,5470,1,54.66256551689153,-15.795720862532006,100.38168503969277,138.42964696121138,68.42399481860737,85.55449114002062,3.748800568896638
cut1,5480,1,57.71493218512426,-17.45095100322059,100.77498832073977,125.86186504282978,73.27547225909949,104.37071454584714,3.091902622370981
cut1,5490,1,54.320462653895895,-15.45952118157831,100.2992566313745,138.88586954927663,61.026332826315866,83.52278567611185,3.2074864075437692
cut1,5500,1,59.3938175511553,-19.21689614991159,100.62798027449267,130.23029105620583,82.52941027281501,101.93673499729366,3.311755660266617
cut1,5510,1,59.95103109894644,-19.569386963364497,106.86761039762783,137.89426763984696,80.80444955693693,109.84400538216195,3.1125386451876005
cut1,5520,1,58.33375529253471,-19.388260846921124,99.61190725869548,139.63495576967776,88.12931244595583,82.22145625522734,0.9047768374295959
cut1,5530,1,57.035241853454494,-18.12296909572121,95.55510385073549,140.20147415335154,68.42959938406825,85.13391627867931,-1.0106922606342255
cut1,5540,1,55.64411135074814,-16.102515367347454,99.4533112355243,139.65760895538193,69.59809424427652,85.85988204485781,2.268351135576844
cut1,5550,1,55.05659852626411,-16.15167038850067,94.56611932350314,144.87880748670912,71.00041569844552,69.9099518431303,2.24250715842406
cut1,5560,1,52.762777405636676,-13.754898241760165,94.41488979052986,145.1469382362415,57.04712697775258,71.45866632583773,2.3796551609612626
cut1,5570,1,50.30634356086144,-12.751619357251407,93.29449159733826,156.59737657746646,38.29237803248808,81.4988096233642,2.1104697785209843
cut1,5580,1,50.5771821151083,-11.714514891885557,96.56878431883514,147.4701514496419,42.58241050912442,75.93665832151135,-0.7892480439394479
cut1,5590,1,51.189586758274146,-12.593253257428906,95.77533831746142,151.90893407756727,54.769778917364405,88.43144150314987,2.241017463934486
cut1,5600,1,54.30848113968865,-12.9404386448295,92.34742170547693,128.43993627009934,75.1294668126565,93.79881941041488,2.654161714745798
cut1,5610,1,53.01948103058094,-12.526176841994316,91.46966188698802,134.11279614489,79.82404654705878,97.29991044350551,2.253823211207362
cut1,5620,1,55.87668837824756,-14.927769168894143,83.19743554684369,125.32553955443151,84.9801483876584,119.64227362908902,2.0119094852534944
cut1,5630,1,51.891910192191325,-12.319941733446194,84.53180127378484,137.0949200672481,55.89725227202456,102.83169816686669,5.535497990479104
cut1,5640,1,56.11560504819783,-15.800675582587905,83.39057019346251,127.91042777825713,85.97841862832861,123.83773680308195,-1.1187867856430107
cut1,5650,1,53.44701829267359,-13.130452268199729,84.58864999472927,131.79896062216787,72.42085045420933,102.77304778045693,1.9944989154447401
cut1,5660,1,56.03407774605837,-14.608397950415192,84.57549373329091,131.22538023272435,95.74629717634065,117.37305026710658,-0.8609074875004582
cut1,5670,1,54.886805599725456,-14.14228348982302,86.01325605147517,134.433802806108,69.60641224522614,90.17610864937049,-0.7679671614019903
cut1,5680,1,53.00777573212695,-13.759646427729132,76.78964015012353,146.66173021628924,85.02592654854121,77.80123331275506,4.327310808384127
cut1,5690,1,51.45649074922803,-13.031390114390854,79.54947937934209,148.10790073723896,67.26367368039222,72.05749398648214,2.9973602390335157
cut1,5700,1,56.52319751799705,-17.10365131375675,80.19546716056115,138.20350679920318,83.94377373960896,97.40128818859525,1.823745026248502
cut1,5710,1,53.00264948878829,-12.700614063838058,72.22638621798704,127.2522655040124,81.94404972139088,89.95801262057246,2.437596721755532
cut1,5720,1,53.458206567348036,-14.85115872965272,76.89782953368483,138.67108974235174,74.12372757088377,84.81227763777494,4.590580838441639
cut1,5730,1,51.26347807811107,-11.997170515059238,81.57691761067555,147.03576904834648,67.44123457137633,95.29219666195374,4.759579441612178
cut1,5740,1,55.51194773550034,-14.384013051307273,96.4295940078185,132.83622559686083,111.3347698319212,95.80659310225535,4.689204499423014
cut1,5750,1,57.51659894837535,-16.10604269598879,94.20919874729553,137.90991787750872,94.39537401724597,86.25070458811675,5.005361502517689
cut1,5760,1,56.82419837354974,-15.25132037450304,83.93544592661834,139.43844196349738,87.08612656004634,117.0950085368503,3.089472414355881
cut1,5770,1,57.06112257046154,-15.537307039917577,88.97877967670667,131.79705700454306,82.39186838906308,104.09213714913405,3.117698235848303
cut1,5780,1,52.17535121268151,-11.518205057011949,89.06032149983369,135.4053554404078,64.66298208121833,68.3465740897369,3.431703118239144
cut1,5790,1,55.68726706015019,-15.175934159406143,88.59121417818703,139.7557587356233,77.78065292546326,87.82548653239591,4.305798442238629
cut1,5800,1,55.78298245326235,-15.825235002680579,91.17938165838976,147.08761421510783,66.97577385958922,84.73995534407273,4.402061686672657
cut1,5810,1,57.12661864255308,-17.311274693597312,82.63566478139559,143.40542788300553,98.99359336014464,67.21411587113302,-9.44906523339088
cut1,5820,1,55.937624963928705,-15.88008582593159,83.00059834167557,143.2033120773362,69.56966629318302,100.1020292331873,4.720228032115158
cut1,5830,1,55.40601206531193,-15.951839451461707,85.11267601970962,138.65822234391922,71.69527038498796,88.81199162549468,4.6949862709394425
cut1,5840,1,54.78525369594113,-15.06281409853167,82.5129800233334,151.84307313388797,67.73395363516745,99.5383219860298,4.799335172506409
cut1,5850,1,57.764963288466106,-18.449816504475038,80.15343648804908,146.20407232205,107.77525129261056,77.22405873318169,6.496487612066012
cut1,5860,1,55.375588574607484,-16.078092180438425,87.60131492735368,147.16069625978787,67.59912991562643,97.07564618325684,4.964667853820586
cut1,5870,1,55.802589575973215,-16.352806987229926,85.0940679028064,140.17095735933825,73.46672848628434,88.82872271276067,4.497241103238579
cut1,5880,1,55.36535383215247,-15.735463100244813,86.04772203970883,137.96416526418247,82.53027538549712,91.50819846228364,4.595611430294653
cut1,5890,1,57.017410456844445,-15.622939882430474,83.60486364091402,136.72769741699685,84.01081631035281,135.28347529020846,1.5799500164808087
cut1,5900,1,54.76371747666295,-13.380136099455669,86.85076201023409,130.13150482940713,64.54017201214653,92.22159674554763,4.382530133878205
cut1,5910,1,55.908705294969295,-14.570457440782464,80.39645047227619,130.3053248836808,88.16392874989882,99.00644884779973,4.4783672136889
cut1,5920,1,53.456896682144524,-12.943910180807562,82.47484025234013,141.4452246568465,68.05534199627867,79.13795905753635,4.177248712208159
cut1,5930,1,56.22735538776991,-14.309576092620715,80.00574116689806,135.9079827163756,100.70534648988276,109.95137742887276,3.9719349820926158
cut1,5940,1,54.39744671084717,-13.258111299369745,83.02592299639085,147.44831492238436,82.20533274447274,94.09859037890834,4.163423710484907
cut1,5950,1,53.49419676375642,-13.154978130884372,80.33043308945625,146.2738202139283,82.17686653445844,101.116392727414,4.3240165173641625
cut1,5960,1,54.22912214669256,-13.592893971160114,84.07998658174192,134.85258355614306,81.1144765374435,97.30938194594935,4.089798848426963
cut1,5970,1,55.37307062719219,-14.709321191888012,74.10506096346742,138.76873803635573,89.94387316322269,126.79123962728211,4.641495620064289
cut1,5980,1,57.33461918963717,-17.19236139895279,79.80214527730433,136.45395879276447,83.6886980706199,109.03543354090336,7.458157607319531
cut1,5990,1,52.42615215429255,-13.081648632551545,85.25486630298765,150.8222778153517,73.99778932579257,95.77255031625019,4.179678640883534
cut1,6000,1,52.40141097130045,-12.309348794815817,94.33234860000758,132.69682761620683,59.94121043119476,96.10566577218249,3.874658565257126
cut1,6010,1,54.87538240237965,-13.71371432868938,87.86877488389499,134.17581037402982,85.15219395512892,114.65957561133673,4.257330973597072
cut1,6020,1,52.80353914933364,-12.090181645101541,96.44791889260077,140.84692119551008,78.13925051197972,105.3969018752117,4.116597093044851
cut1,6030,1,55.00352164221142,-14.487212833722797,95.18675614902946,127.55895657932638,84.48618128646402,100.06273749872433,3.9127678254741736
cut1,6040,1,53.95814302140222,-13.54979770476383,94.0590293710334,130.39712018700808,73.48025622801342,104.26257003050645,4.3443872063514215
cut1,6050,1,52.94851181973857,-13.820844483920226,96.49108233157781,142.4022463669789,61.98376897196013,98.96358159850702,4.641955005321368
cut1,6060,1,50.9178051781376,-11.735616525334963,82.52528611792889,146.97113423924216,60.669887792312096,78.23295441591208,4.681921188072771
cut1,6070,1,53.889414322373554,-14.075034387586152,93.33452374730246,145.70831011117502,73.06594575514724,106.96523728868189,4.360986471463263
cut1,6080,1,56.40245603645472,-15.44457822634853,90.26569687364233,135.18038578873072,79.3641721502844,120.32987763199414,4.582292585919892
cut1,6090,1,57.585930185832254,-16.20690675996005,88.62636063950455,132.98574316188717,89.49940289282286,169.88425529216968,-1.712007684973813
cut1,6100,1,55.34085584438742,-13.981951383699458,84.06326644927215,136.43907253619554,76.51692706342344,161.8317774388279,4.830979149801527
cut1,6110,1,53.80566572292136,-13.039610546782663,88.09816797574909,144.26692631044418,64.02917844333909,101.71214009845562,1.7035208372202257
cut1,6120,1,56.54567602991128,-15.524574550473005,81.6671028395763,146.47873366322324,81.709805057472,127.96011939856061,4.737894388875277
cut1,6130,1,59.664292616260305,-17.056266702549973,74.68195415864487,135.81061681626633,90.6052681856099,175.92461054933108,1.5296074408840732
cut1,6140,1,54.84523742742534,-14.464258805147201,79.26536396712719,140.97294414623408,68.51592568423763,111.23231662156361,1.656808622058966
cut1,6150,1,57.428340841684545,-15.876670457426064,78.52640083561792,133.6519203713709,73.37068655184798,139.6348309909844,4.482024802444595
cut1,6160,1,62.32326152676517,-20.577515026286225,88.43347956975259,130.04086001470282,93.17180329197087,162.53470147460445,4.567689197676338
cut1,6170,1,59.36795608507081,-17.44512480015984,100.13397560722515,124.57323143688166,102.58891078038405,134.4309288362088,4.610534775026482
cut1,6180,1,58.40846690443364,-16.517065201950505,93.60673426447292,122.0657699541483,90.76758158113702,125.70994903723727,10.759767966797883
cut1,6190,1,54.88296921207251,-14.416459879859548,88.5814752011351,137.47812669898002,73.64153179699339,81.78571806770009,4.575235270267116
cut1,6200,1,56.917245964344914,-16.366383351328654,83.04941276392222,129.97524933275997,86.107926892383,102.00882265830045,1.828079123619038
cut1,6210,1,56.84915443985349,-15.891709742388656,85.12983447581499,134.01542126083024,77.66421130150393,90.97227852459024,4.623520376456035
cut1,6220,1,55.82313592509162,-14.930105046384229,82.40429495654126,141.67020452849502,84.41623841433949,96.65340948487972,3.757781273154943
cut1,6230,1,58.46552296745469,-17.19189748611312,88.56142032065488,135.7766208490978,91.96624577101086,88.88252429937431,6.000928879766177
cut1,6240,1,57.99319382586692,-16.382125848560683,81.80392164051969,139.4825562544108,84.69994397690064,115.51876063842325,1.6738961256392464
cut1,6250,1,57.564771413653446,-15.913888980793432,80.16417850885513,131.7510311827892,84.52415222276842,111.10770454170952,7.590402861606316
cut1,6260,1,55.69772027696705,-15.565492883227895,88.83451432786889,139.3292092805234,80.92667511357092,84.20525758113106,3.688520220898773
cut1,6270,1,57.15120068323321,-16.600919592596206,80.21725627471764,149.81096171741706,83.42454174766792,105.35212457780167,4.8092708951736665
cut1,6280,1,52.88036082732189,-12.636673076988568,88.70721894625493,146.28266153810137,62.92017788670419,74.75910860943326,2.0470695060526207
cut1,6290,1,53.04004827053556,-12.405640563831247,82.84106095587036,145.42841551011037,72.19316972682212,78.0952346479878,4.055877391327256
cut1,6300,1,58.329696975523845,-15.919929980276253,85.20342396400838,141.74496414271024,91.54608480553344,127.44590046316117,1.751802567612458
cut1,6310,1,57.122569252506196,-15.612282253958107,89.65471753418655,146.3775142930093,82.88711495527743,109.98593200837605,4.613991856294335
cut1,6320,1,58.35093755613536,-17.661918820636007,95.97407239746097,144.10989630805904,71.83410933836423,97.27747155741218,7.92695202974462
cut1,6330,1,56.15552704585106,-16.210914934325405,97.27528993407313,141.2402160844267,63.71098936535145,80.18324098854471,8.200500667354154
cut1,6340,1,54.62400215252612,-15.518873736790697,93.903941944755,142.10468225537466,61.21100436180605,78.08264106049424,7.778560769615191
cut1,6350,1,57.71321908397187,-17.44342185576039,97.49860734634798,140.22717196272438,74.62159024843331,82.94104705899136,7.667591443008069
cut1,6360,1,55.67755832984903,-14.953627517672055,99.02249057191212,134.71555436165326,77.25905980870051,75.34798376802881,3.152408210178307
cut1,6370,1,54.943622225428115,-15.062088677367566,97.91476698701379,135.85879886272295,69.50570278359419,72.72932663478029,4.804883307185617
cut1,6380,1,60.424425899611116,-20.461795357285727,92.62375782675535,129.892179323899,79.25627368417473,102.35045633251893,1.877339495669399
cut1,6390,1,57.79250890719918,-18.404842821331428,94.07804752380095,129.88331038050848,72.92543883881129,84.4831311299463,1.8156288793320754
cut1,6400,1,59.896470804125016,-19.04193993446018,98.29538918368594,128.00465830174673,84.59349387049627,102.25025217952816,2.007781400746366
cut1,6410,1,59.29944051547845,-18.406913746072014,98.72478472091969,128.4674330634248,82.93260954657939,100.72739172026796,2.0551442010773155
cut1,6420,1,59.96338443989927,-18.866382490846455,95.62539353827854,127.82019704424823,104.30968135759784,93.25390090150982,6.261836912594658
cut1,6430,1,61.63001232607213,-19.801172225795657,97.76796502424489,128.98198176304106,101.80346068717034,118.5737164534691,4.802544724658913
cut1,6440,1,70.28590330574205,-26.936498160614967,91.81115326608331,128.73035183172308,144.11759198411056,209.95589193943732,4.669412021444851
cut1,6450,1,109.77875134092868,-66.31760130898982,77.19449414169692,122.18204014855266,284.0330363317057,509.4097187425727,4.708903590906602
cut1,6460,1,57.69357630724642,-15.398873958270524,92.62921103030402,121.5789107385202,91.52350602192233,127.72253609670503,1.7797674442541584
cut1,6470,1,51.87267642099572,-12.034569056903171,92.66621441883211,140.0101345894187,56.661445158672755,85.64479884112016,5.14784181971123
cut1,6480,1,56.0012489564239,-14.835168849477665,88.07666890079645,123.75319281475878,84.68462622020135,109.43984484806657,5.1630830562596195
cut1,6490,1,53.04057482107433,-13.690586743491657,91.52756777179103,138.34801394306555,52.85848654242715,93.83713322093546,2.2327179936631247
cut1,6500,1,55.940926349332074,-16.035813811497384,93.16067197983598,127.53633052054212,72.5252065348481,103.94643712303004,2.2268341335381043
cut1,6510,1,58.39479283328794,-17.779812443511606,92.70516965057429,129.8260329840722,91.58723274600378,122.58296247287346,1.8259411512311226
cut1,6520,1,455.41628291756103,-413.6240426263816,721.0426666750211,138.681110886733,728.060096181179,7489.416291680166,4.73542734013451
cut1,6530,1,53.42258970488107,-13.871794325423867,89.01519194958826,146.98604945075968,58.09089224210084,115.31541469012079,1.855904435669366
cut1,6540,1,54.64770384348854,-16.61412809408728,80.34750558108155,142.80047356863108,62.78264968796987,94.17997358384554,2.0268089781019114
cut1,6550,1,55.202235231953736,-16.7537951429466,94.48474415825216,142.90919014577972,60.83002717813158,93.05349840367674,1.9644511058640517
cut1,6560,1,56.28518422094612,-17.96877554317238,91.4064009475151,144.2761614746132,62.13512199913669,93.2551299197051,1.7385665342634569
cut1,6570,1,53.87692885348519,-14.02067055772846,85.06041508816209,141.5929004960452,67.57117015203066,98.7084670636261,1.7397208641020723
cut1,6580,1,56.28623240397972,-16.66685866987322,78.19230748902922,134.84188883474576,72.77627300667697,108.19032643985746,1.7560980258438932
cut1,6590,1,55.534176109949826,-15.298431290409688,85.33118184305081,139.973546832422,67.66595453625362,95.31633277686282,4.822325622649814
cut1,6600,1,55.488523508732186,-14.451407793039726,83.70138593451188,135.93147361746713,67.38789821264838,104.25388008100434,4.437204581434775
cut1,6610,1,54.45798179046608,-14.99485127379411,88.06949739791094,141.0832457683582,59.025151654919696,90.90963713982343,4.893300270170522
cut1,6620,1,53.94741689355344,-15.991841848154722,94.68167683642419,147.52140869855683,49.43854619053007,74.71313492308157,5.151837857370562
cut1,6630,1,54.156814061205544,-15.302488675394127,93.03964427885325,144.22892166165255,58.514965297451056,68.78568828482784,4.68800059649841
cut1,6640,1,56.101008383451,-16.940369242505998,92.1269938967005,144.30729216174112,65.54517948114629,87.3948772252822,7.9603254157001
cut1,6650,1,57.77534112805576,-19.248181509740455,95.73820601939512,143.01506496841262,69.08717055136627,81.55428915543517,7.945414101576129
cut1,6660,1,53.55991775963157,-15.4079591923911,94.08194722724888,148.24169973996797,56.23537020115504,63.58528158643903,1.9629742901729192
cut1,6670,1,53.567363721361325,-15.288337032825435,90.32334790699937,148.86025947103573,55.58391529108646,65.22891260327523,2.0817091297744925
cut1,6680,1,57.52658928939716,-16.639825360453038,92.87882818309899,143.0203891795976,85.7595988965343,96.47469176367362,4.73368187861393
cut1,6690,1,58.1572913512706,-17.52710707122184,89.85031856513659,144.2156326999905,84.11538286881878,119.33248444953513,7.8369467011526694
cut1,6700,1,55.692983479455236,-17.196028241691373,91.64712479880788,153.6852250584626,63.8841345680646,91.62379113000522,8.25822454765705
cut1,6710,1,53.68128887000806,-14.100923319729153,97.99912318893857,151.54328619929865,64.7097692875394,92.66759153627035,8.187981274935206
cut1,6720,1,56.07200988164287,-14.169312101393146,99.18155851396212,132.64572787404524,81.47709667113588,116.30387136133342,4.757122319721546
cut1,6730,1,56.62564169220014,-17.050887419521434,99.31972772462589,141.63569562823375,74.68064576947485,98.49997607327265,4.793760867172931
cut1,6740,1,56.26695023681924,-15.417177722730809,103.90227737112279,134.65473617804932,77.69179122708853,97.73185145398111,4.322426056593139
cut1,6750,1,59.12508748893455,-18.874976494393326,97.08500849877458,134.35541595048585,77.54940598814404,106.12817847295875,4.680201826468585
cut1,6760,1,54.3529564577619,-13.601675736038835,96.20596882211315,123.3881633373842,81.33901237222403,95.52183842093557,1.79978564269993
cut1,6770,1,54.5683029915143,-14.245175745968345,94.22960706494686,129.2943879209954,72.34677035158276,84.18503994464241,3.9137624331782566
cut1,6780,1,57.00523752596765,-15.862780082856954,95.5777397847691,130.97994051888028,93.94776515764035,114.12600330572099,1.192723652966966
cut1,6790,1,56.11298824008731,-14.30301109167119,88.3642199165594,130.7830657291386,80.26959852985402,89.14143939710362,4.088038907225019
cut1,6800,1,58.00256375066423,-16.41913668498274,89.69895225599518,132.3806239497595,83.76991575161416,96.92806987368598,1.839219352689079
cut1,6810,1,53.830195379404,-13.49815543411414,89.04350719380957,144.96029947535908,68.0176383930523,77.63394433434344,4.311055779399489
cut1,6820,1,55.77465603579839,-14.38149305952029,86.12437404171415,134.44539896498557,61.95062139366767,95.19251422329852,2.092091183732572
cut1,6830,1,53.04096538469414,-12.125432942610102,99.05859964357035,130.72528693734168,64.70894140680959,83.045556400128,3.7421970659099353
cut1,6840,1,51.39971176300181,-11.787472818784288,91.41750825172058,146.75472775102966,37.55246216493968,95.44738508827581,2.1211405665971994
cut1,6850,1,51.54130134122278,-11.66822456784866,106.76004118082083,134.30985126355165,47.556216874637244,88.78483262613932,3.885155512241682
cut1,6860,1,52.340408321937986,-11.848632232416334,104.86144067322212,136.0908517923052,42.12932361246954,107.29717746050288,3.8649421335240475
cut1,6870,1,52.71498498980789,-13.154463211615225,97.6734497026259,137.07410114453597,63.22639543189567,74.99340287135247,4.178939961890323
