,System,Frame,Resname,Resnum,X,Y,Z
4689,cut2,4689,POPC,0,174.49688720703125,79.37591552734375,102.35264587402344
4689,cut2,4689,POPC,1,26.46824073791504,224.71925354003906,96.07731628417969
4689,cut2,4689,POPC,2,161.39817810058594,29.46803092956543,102.85566711425781
4689,cut2,4689,POPC,3,129.11390686035156,138.27664184570312,83.88319396972656
4689,cut2,4689,POPC,4,15.068833351135254,206.52548217773438,90.13971710205078
4689,cut2,4689,POPC,5,140.14498901367188,189.69480895996094,88.03841400146486
4689,cut2,4689,POPC,6,167.52821350097656,235.62478637695312,100.02940368652344
4689,cut2,4689,POPC,7,34.92141342163086,33.68292999267578,91.5929183959961
4689,cut2,4689,POPC,8,30.425922393798828,183.4292755126953,90.86090850830078
4689,cut2,4689,POPC,9,166.35760498046875,142.30593872070312,92.76911163330078
4689,cut2,4689,POPC,10,105.44178771972656,183.38409423828125,75.1777572631836
4689,cut2,4689,POPC,11,4.852357387542725,156.04022216796875,89.38362121582031
4689,cut2,4689,POPC,12,197.38174438476562,173.73968505859375,95.32542419433594
4689,cut2,4689,POPC,13,159.3022003173828,212.3604736328125,95.49421691894531
4689,cut2,4689,POPC,14,124.21143341064453,176.9123992919922,77.98612976074219
4689,cut2,4689,POPC,15,8.47465991973877,8.698441505432129,100.17385864257812
4689,cut2,4689,POPC,16,86.79695129394531,158.8072052001953,72.46186065673828
4689,cut2,4689,POPC,17,87.81443786621094,78.17279815673828,85.94194030761719
4689,cut2,4689,POPC,18,33.2291145324707,80.11637115478516,95.60905456542969
4689,cut2,4689,POPC,19,79.9466323852539,26.557270050048828,95.05359649658203
4689,cut2,4689,POPC,20,110.4227294921875,205.01271057128906,81.62621307373047
4689,cut2,4689,POPC,21,134.11877441406253,73.54877471923828,86.74577331542969
4689,cut2,4689,POPC,22,95.60194396972656,-2.7487404346466064,95.37918853759766
4689,cut2,4689,POPC,23,101.6519775390625,21.294315338134766,96.88751983642578
4689,cut2,4689,POPC,24,196.359619140625,42.96475601196289,96.866943359375
4689,cut2,4689,POPC,25,149.89398193359375,221.9033660888672,92.23717498779297
4689,cut2,4689,POPC,26,80.26184844970703,157.40167236328125,72.29316711425781
4689,cut2,4689,POPC,27,48.26407241821289,148.73294067382812,77.28368377685547
4689,cut2,4689,POPC,28,60.58351135253906,153.46531677246094,81.16777038574219
4689,cut2,4689,POPC,29,88.33828735351562,63.12387466430664,88.78330993652344
4689,cut2,4689,POPC,30,57.02511978149414,212.75799560546875,92.16031646728516
4689,cut2,4689,POPC,31,137.02444458007812,223.14918518066406,89.89069366455078
4689,cut2,4689,POPC,32,197.89710998535156,11.55734634399414,98.09512329101562
4689,cut2,4689,POPC,33,110.5268325805664,85.74893951416016,80.53125
4689,cut2,4689,POPC,34,57.60585021972656,161.87245178222656,83.08060455322266
4689,cut2,4689,POPC,35,160.23629760742185,62.52444076538086,101.07472229003906
4689,cut2,4689,POPC,36,56.0025749206543,29.121475219726562,88.60610961914062
4689,cut2,4689,POPC,37,141.84622192382812,216.79974365234375,92.79393768310547
4689,cut2,4689,POPC,38,31.84438705444336,198.65956115722656,89.96712493896484
4689,cut2,4689,POPC,39,49.232704162597656,53.66737747192383,89.75956726074219
4689,cut2,4689,POPC,40,114.34451293945312,77.19027709960938,82.87276458740234
4689,cut2,4689,POPC,41,113.28507995605469,40.1956672668457,95.40129852294922
4689,cut2,4689,POPC,42,151.829345703125,130.41893005371094,91.67950439453125
4689,cut2,4689,POPC,43,54.56596755981445,64.82305145263672,91.30912017822266
4689,cut2,4689,POPC,44,19.704580307006836,190.27902221679688,89.53604125976562
4689,cut2,4689,POPC,45,26.819225311279297,5.151146411895752,91.54783630371095
4689,cut2,4689,POPC,46,47.90851974487305,179.06153869628906,86.38401794433594
4689,cut2,4689,POPC,47,189.66302490234375,83.81477355957031,101.64169311523438
4689,cut2,4689,POPC,48,79.9682846069336,16.16173553466797,92.2595748901367
4689,cut2,4689,POPC,49,51.24977493286133,11.216452598571777,93.95455169677734
4689,cut2,4689,POPC,50,78.34130859375,195.45460510253906,88.6734848022461
4689,cut2,4689,POPC,51,100.740966796875,187.22567749023435,68.05172729492188
4689,cut2,4689,POPC,52,141.4589080810547,55.643672943115234,87.99176788330078
4689,cut2,4689,POPC,53,173.3953094482422,1.2248247861862183,99.40583801269531
4689,cut2,4689,POPC,54,113.70730590820312,199.34306335449216,80.56135559082031
4689,cut2,4689,POPC,55,133.6256866455078,200.05174255371094,84.22702026367188
4689,cut2,4689,POPC,56,43.67131805419922,62.61854553222656,92.03409576416016
4689,cut2,4689,POPC,57,195.33555603027344,178.78286743164062,93.96155548095703
4689,cut2,4689,POPC,58,12.532954216003418,149.02210998535156,87.69319152832031
4689,cut2,4689,POPC,59,182.2685546875,174.32212829589844,93.9909896850586
4689,cut2,4689,POPC,60,129.6713104248047,190.3365478515625,86.24514770507812
4689,cut2,4689,POPC,61,15.84592056274414,225.05157470703125,98.43824005126953
4689,cut2,4689,POPC,62,85.31209564208984,51.18458938598633,92.2590560913086
4689,cut2,4689,POPC,63,180.7604217529297,1.139928936958313,99.74008178710938
4689,cut2,4689,POPC,64,105.76690673828125,150.1375732421875,68.11019897460938
4689,cut2,4689,POPC,65,52.62001419067383,44.836265563964844,89.58771514892578
4689,cut2,4689,POPC,66,190.7687225341797,221.953369140625,96.07337188720703
4689,cut2,4689,POPC,67,7.666274547576904,163.02955627441406,92.43517303466797
4689,cut2,4689,POPC,68,110.27236938476562,185.02761840820312,78.53276824951172
4689,cut2,4689,POPC,69,98.69746398925781,71.34708404541016,91.13626861572266
4689,cut2,4689,POPC,70,103.35357666015625,201.16729736328125,47.61568069458008
4689,cut2,4689,POPC,71,161.494140625,93.30704498291016,95.99508666992188
4689,cut2,4689,POPC,72,175.84127807617188,109.69241333007812,96.61493682861328
4689,cut2,4689,POPC,73,201.08921813964844,127.25496673583984,87.38953399658203
4689,cut2,4689,POPC,74,132.27525329589844,208.5022735595703,86.54103088378906
4689,cut2,4689,POPC,75,42.94392395019531,138.22215270996094,76.27719116210938
4689,cut2,4689,POPC,76,145.4891815185547,161.9519805908203,84.24088287353517
4689,cut2,4689,POPC,77,129.02297973632812,-6.732276916503906,95.22179412841797
4689,cut2,4689,POPC,78,176.15310668945312,159.29678344726562,98.08958435058594
4689,cut2,4689,POPC,79,20.885440826416016,71.9725112915039,57.32307815551758
4689,cut2,4689,POPC,80,62.82845687866211,13.808439254760742,87.7981185913086
4689,cut2,4689,POPC,81,76.01024627685547,186.8008270263672,83.06551361083984
4689,cut2,4689,POPC,82,192.22508239746094,47.80813217163086,97.47136688232422
4689,cut2,4689,POPC,83,37.322425842285156,218.15277099609375,94.20690155029297
4689,cut2,4689,POPC,84,80.43036651611328,135.79116821289062,73.03619384765625
4689,cut2,4689,POPC,85,107.12187957763672,71.37189483642578,85.74468231201172
4689,cut2,4689,POPC,86,44.37653350830078,99.88792419433594,83.67862701416016
4689,cut2,4689,POPC,87,33.87067413330078,46.837162017822266,96.08145141601562
4689,cut2,4689,POPC,88,148.0316925048828,202.58367919921875,85.53129577636719
4689,cut2,4689,POPC,89,168.73765563964844,4.756853103637695,98.29066467285156
4689,cut2,4689,POPC,90,13.930694580078125,14.54709529876709,96.2596206665039
4689,cut2,4689,POPC,91,109.1968765258789,157.31146240234375,67.90007019042969
4689,cut2,4689,POPC,92,162.41482543945312,240.90330505371094,98.21204376220703
4689,cut2,4689,POPC,93,181.3424530029297,15.461851119995117,102.98446655273438
4689,cut2,4689,POPC,94,124.17803192138672,183.48822021484375,79.83834075927734
4689,cut2,4689,POPC,95,138.46562194824222,116.62364959716797,89.6205825805664
4689,cut2,4689,POPC,96,107.22476959228516,126.19514465332031,50.745018005371094
4689,cut2,4689,POPC,97,54.605770111083984,95.30801391601562,86.14856719970703
4689,cut2,4689,POPC,98,84.88262939453125,33.670448303222656,94.39833068847656
4689,cut2,4689,POPC,99,3.762681484222412,71.68098449707031,99.2911148071289
4689,cut2,4689,POPC,100,21.91758155822754,58.94955062866211,95.77861022949219
4689,cut2,4689,POPC,101,108.1506576538086,141.1885528564453,77.19926452636719
4689,cut2,4689,POPC,102,124.87737274169922,188.68850708007812,83.56568908691406
4689,cut2,4689,POPC,103,63.105472564697266,46.37615203857422,91.49986267089844
4689,cut2,4689,POPC,104,174.8227996826172,226.239990234375,100.05120849609375
4689,cut2,4689,POPC,105,33.20629119873047,83.2774887084961,88.97709655761719
4689,cut2,4689,POPC,106,124.2501449584961,200.19825744628906,85.1196060180664
4689,cut2,4689,POPC,107,101.64569854736328,50.12078094482422,91.03178405761719
4689,cut2,4689,POPC,108,126.69613647460938,42.891136169433594,92.7500228881836
4689,cut2,4689,POPC,109,142.1580810546875,23.826129913330078,98.69733428955078
4689,cut2,4689,POPC,110,12.703287124633789,9.598072052001953,94.10627746582031
4689,cut2,4689,POPC,111,125.93689727783203,98.84904479980469,76.07823181152344
4689,cut2,4689,POPC,112,49.915504455566406,59.91402816772461,90.16291046142578
4689,cut2,4689,POPC,113,106.13240051269531,16.441390991210938,98.78286743164062
4689,cut2,4689,POPC,114,32.020179748535156,238.398681640625,91.25483703613281
4689,cut2,4689,POPC,115,184.2414093017578,44.9037971496582,98.70626068115234
4689,cut2,4689,POPC,116,114.28036499023438,92.60950469970703,77.81940460205078
4689,cut2,4689,POPC,117,105.81524658203125,207.21328735351562,77.48471069335938
4689,cut2,4689,POPC,118,195.67237854003906,73.59180450439453,101.14433288574219
4689,cut2,4689,POPC,119,80.06336212158203,55.36393356323242,90.00687408447266
4689,cut2,4689,POPC,120,168.5041961669922,204.86627197265625,91.27751922607422
4689,cut2,4689,POPC,121,9.507168769836426,219.3868865966797,93.93986511230469
4689,cut2,4689,POPC,122,80.89995574951172,61.42025375366211,90.18913269042969
4689,cut2,4689,POPC,123,145.90463256835938,177.29017639160156,90.7286605834961
4689,cut2,4689,POPC,124,124.78543853759766,139.35784912109375,78.2904281616211
4689,cut2,4689,POPC,125,58.52662658691406,5.864937782287598,93.0240249633789
4689,cut2,4689,POPC,126,75.53524017333984,36.345703125,88.01968383789062
4689,cut2,4689,POPC,127,44.99725341796875,152.5894317626953,81.4781494140625
4689,cut2,4689,POPC,128,139.84388732910156,134.82920837402344,85.20881652832031
4689,cut2,4689,POPC,129,23.059297561645508,186.26458740234375,91.67174530029297
4689,cut2,4689,POPC,130,53.0740852355957,227.60252380371094,47.57023239135742
4689,cut2,4689,POPC,131,103.02184295654297,138.97439575195312,47.19792556762695
4689,cut2,4689,POPC,132,83.65252685546875,233.03665161132812,91.85113525390625
4689,cut2,4689,POPC,133,189.47296142578125,7.335809230804443,98.32701110839844
4689,cut2,4689,POPC,134,11.533501625061035,52.12147521972656,94.41178131103516
4689,cut2,4689,POPC,135,141.38621520996094,184.0093994140625,85.47341918945312
4689,cut2,4689,POPC,136,57.081878662109375,58.47001647949219,88.70150756835938
4689,cut2,4689,POPC,137,51.64928436279297,36.764404296875,90.18109130859375
4689,cut2,4689,POPC,138,8.12364387512207,181.64491271972656,96.45630645751953
4689,cut2,4689,POPC,139,167.83872985839844,163.35931396484375,94.98762512207031
4689,cut2,4689,POPC,140,2.18220853805542,83.08708953857422,99.25187683105469
4689,cut2,4689,POPC,141,3.4709277153015137,46.63719940185547,94.28495788574219
4689,cut2,4689,POPC,142,30.36212921142578,145.1484832763672,81.25985717773438
4689,cut2,4689,POPC,143,167.95098876953125,193.5251007080078,89.78031158447266
4689,cut2,4689,POPC,144,127.94085693359375,115.31417083740234,85.76805114746094
4689,cut2,4689,POPC,145,6.077456951141357,98.21051788330078,98.33387756347656
4689,cut2,4689,POPC,146,108.46514892578125,57.9474983215332,90.87831115722656
4689,cut2,4689,POPC,147,166.44216918945312,96.13999938964844,99.30331420898436
4689,cut2,4689,POPC,148,199.33590698242188,24.603498458862305,98.68539428710938
4689,cut2,4689,POPC,149,30.78413200378418,221.31460571289062,91.82357788085938
4689,cut2,4689,POPC,150,139.3991241455078,72.0832748413086,82.38938903808594
4689,cut2,4689,POPC,151,197.4566955566406,62.67017364501953,96.4628677368164
4689,cut2,4689,POPC,152,185.7826385498047,21.672151565551758,99.22349548339844
4689,cut2,4689,POPC,153,157.51271057128906,105.4423141479492,98.46001434326172
4689,cut2,4689,POPC,154,152.2997589111328,166.18359375,88.30357360839844
4689,cut2,4689,POPC,155,35.69968032836914,166.25228881835938,87.22695922851562
4689,cut2,4689,POPC,156,19.641401290893555,92.0615463256836,93.2903823852539
4689,cut2,4689,POPC,157,69.01689147949219,86.71167755126953,83.4021224975586
4689,cut2,4689,POPC,158,9.87818431854248,22.479093551635742,96.97303771972656
4689,cut2,4689,POPC,159,29.509056091308594,132.003173828125,80.7540283203125
4689,cut2,4689,POPC,160,194.41835021972656,78.90184783935547,99.8089828491211
4689,cut2,4689,POPC,161,15.727455139160156,196.05490112304688,90.74747467041016
4689,cut2,4689,POPC,162,103.73223876953125,107.53577423095703,77.99785614013672
4689,cut2,4689,POPC,163,65.27972412109375,137.59532165527344,77.12751007080078
4689,cut2,4689,POPC,164,121.4870834350586,1.6725631952285767,96.84049987792969
4689,cut2,4689,POPC,165,50.542110443115234,174.42050170898438,82.58592224121094
4689,cut2,4689,POPC,166,168.3354034423828,56.327392578125,101.60811614990234
4689,cut2,4689,POPC,167,155.5370330810547,11.184734344482422,101.51836395263672
4689,cut2,4689,POPC,168,26.977628707885742,166.4081573486328,84.77645874023438
4689,cut2,4689,POPC,169,50.521236419677734,156.40370178222656,81.13082885742188
4689,cut2,4689,POPC,170,41.491676330566406,234.96070861816406,93.52567291259766
4689,cut2,4689,POPC,171,156.55091857910156,124.53651428222656,91.55789947509766
4689,cut2,4689,POPC,172,43.11825180053711,44.96977233886719,95.36193084716797
4689,cut2,4689,POPC,173,74.32189178466797,68.5640640258789,89.43276977539062
4689,cut2,4689,POPC,174,197.54634094238278,130.8327178955078,93.72061920166016
4689,cut2,4689,POPC,175,136.7882080078125,177.9700469970703,86.68207550048828
4689,cut2,4689,POPC,176,9.900134086608887,68.82042694091797,97.0740737915039
4689,cut2,4689,POPC,177,127.97993469238281,76.00616455078125,82.9087142944336
4689,cut2,4689,POPC,178,105.82990264892578,47.382347106933594,94.31275177001953
4689,cut2,4689,POPC,179,194.28384399414062,199.36561584472656,89.3415298461914
4689,cut2,4689,POPC,180,54.800994873046875,222.086181640625,93.49613952636719
4689,cut2,4689,POPC,181,93.95537567138672,58.785709381103516,89.85026550292969
4689,cut2,4689,POPC,182,77.55379486083984,86.0899429321289,84.59434509277344
4689,cut2,4689,POPC,183,169.20416259765625,120.02908325195312,95.17737579345703
4689,cut2,4689,POPC,184,122.29500579833984,65.73892974853516,89.27816009521484
4689,cut2,4689,POPC,185,8.814579010009766,91.18340301513672,97.3194580078125
4689,cut2,4689,POPC,186,102.7867660522461,130.1748046875,77.45010375976562
4689,cut2,4689,POPC,187,160.1237335205078,193.23110961914062,95.19060516357422
4689,cut2,4689,POPC,188,69.05780792236328,41.294677734375,91.92414093017578
4689,cut2,4689,POPC,189,131.18270874023438,62.24938201904297,89.00524139404297
4689,cut2,4689,POPC,190,9.861098289489746,170.30921936035156,90.46891784667969
4689,cut2,4689,POPC,191,129.24034118652344,86.69693756103516,78.3412857055664
4689,cut2,4689,POPC,192,53.35142135620117,237.1516571044922,52.955753326416016
4689,cut2,4689,POPC,193,181.86134338378906,90.88412475585938,98.20410919189453
4689,cut2,4689,POPC,194,189.88504028320312,237.57196044921875,97.34272003173828
4689,cut2,4689,POPC,195,32.146873474121094,190.23756408691406,90.28944396972656
4689,cut2,4689,POPC,196,58.096187591552734,88.34635162353517,85.71348571777344
4689,cut2,4689,POPC,197,172.5048370361328,70.66824340820312,103.73811340332031
4689,cut2,4689,POPC,198,24.48124885559082,173.1340789794922,87.44862365722656
4689,cut2,4689,POPC,199,62.030120849609375,56.176151275634766,89.46300506591797
4689,cut2,4689,POPC,200,28.77503204345703,216.70236206054688,94.83302307128906
4689,cut2,4689,POPC,201,103.7341842651367,39.8594856262207,98.81353759765625
4689,cut2,4689,POPC,202,157.6908721923828,13.370899200439453,58.796451568603516
4689,cut2,4689,POPC,203,93.39888763427734,91.73637390136719,84.20614624023438
4689,cut2,4689,POPC,204,119.21822357177734,179.174072265625,75.24028015136719
4689,cut2,4689,POPC,205,195.79290771484375,206.3707733154297,92.9378662109375
4689,cut2,4689,POPC,206,175.52867126464844,8.67665672302246,99.31334686279297
4689,cut2,4689,POPC,207,154.56443786621094,175.19190979003906,93.83502197265625
4689,cut2,4689,POPC,208,171.4473876953125,200.81370544433594,88.4572982788086
4689,cut2,4689,POPC,209,50.684417724609375,19.000627517700195,96.60060119628905
4689,cut2,4689,POPC,210,73.94602966308594,219.77914428710938,90.06700134277344
4689,cut2,4689,POPC,211,2.5491843223571777,103.32582092285156,98.83661651611328
4689,cut2,4689,POPC,212,126.95552062988281,168.44068908691406,76.03522491455078
4689,cut2,4689,POPC,213,188.2792510986328,56.925540924072266,99.0822982788086
4689,cut2,4689,POPC,214,192.7281951904297,157.59524536132812,90.49517059326172
4689,cut2,4689,POPC,215,93.19129180908203,7.613040447235107,97.0340805053711
4689,cut2,4689,POPC,216,148.8217010498047,23.80270767211914,101.70769500732422
4689,cut2,4689,POPC,217,38.73084259033203,78.02655029296875,93.86246490478516
4689,cut2,4689,POPC,218,139.88841247558594,129.98561096191406,90.3994369506836
4689,cut2,4689,POPC,219,90.89877319335938,13.346854209899902,95.9190673828125
4689,cut2,4689,POPC,220,110.03206634521484,30.227630615234375,96.6873779296875
4689,cut2,4689,POPC,221,148.84909057617188,124.64595031738281,94.1141357421875
4689,cut2,4689,POPC,222,63.605682373046875,90.51110076904297,82.01170349121094
4689,cut2,4689,POPC,223,92.00786590576172,121.30217742919922,84.71046447753906
4689,cut2,4689,POPC,224,187.53404235839844,73.23350524902344,102.06434631347656
4689,cut2,4689,POPC,225,182.76870727539062,194.74327087402344,89.8255386352539
4689,cut2,4689,POPC,226,189.47108459472656,162.97573852539062,92.50360107421875
4689,cut2,4689,POPC,227,17.447416305541992,124.97836303710938,80.68821716308594
4689,cut2,4689,POPC,228,182.48130798339844,40.20792770385742,101.48607635498047
4689,cut2,4689,POPC,229,81.5040283203125,101.54353332519531,80.7372817993164
4689,cut2,4689,POPC,230,184.2159423828125,155.7339324951172,91.39025115966797
4689,cut2,4689,POPC,231,187.5032196044922,96.74241638183594,99.9415283203125
4689,cut2,4689,POPC,232,146.880859375,195.94105529785156,47.35555648803711
4689,cut2,4689,POPC,233,168.21502685546875,148.51773071289062,99.44962310791016
4689,cut2,4689,POPC,234,40.21780776977539,210.4814910888672,91.992431640625
4689,cut2,4689,POPC,235,182.9959259033203,223.47943115234375,98.04578399658203
4689,cut2,4689,POPC,236,72.93690490722656,55.9100227355957,90.39244079589844
4689,cut2,4689,POPC,237,156.04397583007812,138.08218383789062,92.09679412841797
4689,cut2,4689,POPC,238,72.03961181640625,80.61685943603516,85.69618225097656
4689,cut2,4689,POPC,239,65.40032196044922,160.47190856933594,77.65290832519531
4689,cut2,4689,POPC,240,63.49766159057617,166.17762756347656,79.56643676757812
4689,cut2,4689,POPC,241,179.52235412597656,19.923154830932617,100.27605438232422
4689,cut2,4689,POPC,242,56.010154724121094,81.0727310180664,84.68244934082031
4689,cut2,4689,POPC,243,120.02355194091797,90.43000793457031,77.50444793701172
4689,cut2,4689,POPC,244,84.58315277099611,150.471435546875,70.34622955322266
4689,cut2,4689,POPC,245,18.723505020141598,172.08023071289062,87.02971649169922
4689,cut2,4689,POPC,246,91.75043487548828,82.50666809082031,83.10260009765625
4689,cut2,4689,POPC,247,78.55065155029297,233.25733947753906,55.80827713012695
4689,cut2,4689,POPC,248,13.589996337890625,74.56208801269531,100.7339859008789
4689,cut2,4689,POPC,249,59.631690979003906,37.569095611572266,90.07218933105469
4689,cut2,4689,POPC,250,5.601958751678467,53.903404235839844,97.58936309814455
4689,cut2,4689,POPC,251,132.69818115234375,47.31996536254883,92.13768005371094
4689,cut2,4689,POPC,252,141.75863647460938,102.4693374633789,76.70404052734375
4689,cut2,4689,POPC,253,179.80908203125,82.22320556640625,100.25918579101562
4689,cut2,4689,POPC,254,21.444311141967773,118.26790618896484,77.26905059814453
4689,cut2,4689,POPC,255,36.71928787231445,225.9331817626953,92.31172943115236
4689,cut2,4689,POPC,256,152.74830627441406,143.84576416015625,93.81494140625
4689,cut2,4689,POPC,257,78.53129577636719,74.92410278320312,87.82437896728516
4689,cut2,4689,POPC,258,56.23167419433594,205.04379272460938,88.29336547851562
4689,cut2,4689,POPC,259,54.49346923828125,133.67149353027344,75.7701416015625
4689,cut2,4689,POPC,260,47.84421920776367,70.62155914306639,90.76345825195312
4689,cut2,4689,POPC,261,100.33470153808594,55.26310729980469,90.07041931152344
4689,cut2,4689,POPC,262,63.873046875,98.97772216796875,82.907470703125
4689,cut2,4689,POPC,263,91.80194854736328,53.21493148803711,89.09941864013672
4689,cut2,4689,POPC,264,91.97772979736328,98.10392761230469,83.41213989257814
4689,cut2,4689,POPC,265,48.646053314208984,25.821929931640625,91.87911224365234
4689,cut2,4689,POPC,266,175.23114013671875,114.00636291503906,92.5191421508789
4689,cut2,4689,POPC,267,64.48933410644531,235.77462768554688,90.11308288574219
4689,cut2,4689,POPC,268,135.4890594482422,143.70828247070312,85.75833129882812
4689,cut2,4689,POPC,269,102.55587768554688,169.6252899169922,68.25714111328125
4689,cut2,4689,POPC,270,134.05340576171875,22.363204956054688,97.91677856445312
4689,cut2,4689,POPC,271,16.088430404663086,139.98309326171875,85.54790496826172
4689,cut2,4689,POPC,272,12.039111137390137,159.5726318359375,88.33143615722656
4689,cut2,4689,POPC,273,6.992664813995361,76.08684539794922,99.6813735961914
4689,cut2,4689,POPC,274,40.08728790283203,35.773258209228516,89.87247467041016
4689,cut2,4689,POPC,275,134.1077880859375,130.14503479003906,87.86394500732422
4689,cut2,4689,POPC,276,160.931640625,124.53634643554688,51.21601867675781
4689,cut2,4689,POPC,277,78.9439926147461,240.23980712890625,92.05806732177734
4689,cut2,4689,POPC,278,110.63863372802734,100.54547882080078,77.0577621459961
4689,cut2,4689,POPC,279,151.58921813964844,-2.555859327316284,98.80868530273438
4689,cut2,4689,POPC,280,5.742298603057861,205.7334747314453,90.3145980834961
4689,cut2,4689,POPC,281,51.18328857421875,193.51084899902344,87.00003051757812
4689,cut2,4689,POPC,282,100.77584075927734,196.16429138183594,71.78068542480469
4689,cut2,4689,POPC,283,96.2608871459961,86.10733032226562,83.22584533691406
4689,cut2,4689,POPC,284,26.093666076660156,179.4416961669922,88.46945190429688
4689,cut2,4689,POPC,285,112.3100814819336,165.61598205566406,72.36209106445312
4689,cut2,4689,POPC,286,181.1118927001953,161.9876708984375,92.51142120361328
4689,cut2,4689,POPC,287,65.51368713378906,148.91880798339844,80.06133270263672
4689,cut2,4689,POPC,288,63.94679260253906,23.680883407592773,87.77493286132812
4689,cut2,4689,POPC,289,196.0223693847656,216.63063049316406,92.07304382324219
4689,cut2,4689,POPC,290,130.50418090820312,180.1357879638672,84.0767822265625
4689,cut2,4689,POPC,291,26.813745498657227,44.359588623046875,94.16635131835938
4689,cut2,4689,POPC,292,170.2677001953125,143.8515625,96.71339416503906
4689,cut2,4689,POPC,293,22.875246047973633,146.1114044189453,83.77332305908203
4689,cut2,4689,POPC,294,48.614898681640625,237.42642211914062,94.04218292236328
4689,cut2,4689,POPC,295,123.49972534179688,223.9333953857422,83.28014373779297
4689,cut2,4689,POPC,296,142.36839294433594,79.5256118774414,52.91621017456055
4689,cut2,4689,POPC,297,40.76776885986328,70.85603332519531,91.4453353881836
4689,cut2,4689,POPC,298,2.2347941398620605,37.70691680908203,96.04563903808594
4689,cut2,4689,POPC,299,189.773193359375,146.22540283203125,93.78712463378906
4689,cut2,4689,POPC,300,33.766731262207024,65.43760681152344,94.46558380126953
4689,cut2,4689,POPC,301,29.047760009765625,69.34510803222656,98.20050811767578
4689,cut2,4689,POPC,302,74.80225372314453,234.24366760253906,92.8994140625
4689,cut2,4689,POPC,303,118.40189361572266,82.2601318359375,81.53601837158203
4689,cut2,4689,POPC,304,161.48365783691406,182.00540161132812,91.83942413330078
4689,cut2,4689,POPC,305,84.53866577148438,2.5893752574920654,91.67691802978516
4689,cut2,4689,POPC,306,43.6274528503418,164.583740234375,84.75406646728516
4689,cut2,4689,POPC,307,100.454833984375,94.9297637939453,80.54136657714844
4689,cut2,4689,POPC,308,112.89279174804688,46.17280197143555,95.26173400878906
4689,cut2,4689,POPC,309,116.28982543945312,66.83654022216797,90.83981323242188
4689,cut2,4689,POPC,310,99.33353424072266,31.44624900817871,98.13957214355469
4689,cut2,4689,POPC,311,25.47005271911621,141.41065979003906,81.94054412841797
4689,cut2,4689,POPC,312,55.95728302001953,22.72452735900879,89.65620422363281
4689,cut2,4689,POPC,313,182.07994079589844,57.08766174316406,100.10266876220703
4689,cut2,4689,POPC,314,166.9470672607422,136.0458526611328,93.80442810058592
4689,cut2,4689,POPC,315,61.15620803833008,69.20780944824219,89.06158447265625
4689,cut2,4689,POPC,316,173.5137939453125,208.0536346435547,93.32893371582031
4689,cut2,4689,POPC,317,127.23501586914062,210.96731567382812,83.05754089355469
4689,cut2,4689,POPC,318,30.768035888671875,11.254983901977539,93.2171401977539
4689,cut2,4689,POPC,319,79.9538803100586,191.95167541503906,82.53350067138672
4689,cut2,4689,POPC,320,72.32701110839844,16.17337989807129,88.13497161865234
4689,cut2,4689,POPC,321,94.03684997558594,107.98648071289062,85.71533966064453
4689,cut2,4689,POPC,322,66.6476821899414,-0.9174100160598755,86.97450256347656
4689,cut2,4689,POPC,323,46.630455017089844,32.938209533691406,88.06201171875
4689,cut2,4689,POPC,324,54.27558898925781,52.53365707397461,86.53404998779297
4689,cut2,4689,POPC,325,193.4853057861328,229.3567352294922,95.39616394042969
4689,cut2,4689,POPC,326,148.36497497558594,233.72900390625,99.29830932617188
4689,cut2,4689,POPC,327,69.31108093261719,49.252281188964844,90.09161376953125
4689,cut2,4689,POPC,328,99.10826110839844,112.03024291992188,79.36019134521484
4689,cut2,4689,POPC,329,33.702510833740234,20.717060089111328,93.32537078857422
4689,cut2,4689,POPC,330,69.45988464355467,233.82681274414062,86.97469329833984
4689,cut2,4689,POPC,331,33.84718704223633,212.6157684326172,92.74681854248047
4689,cut2,4689,POPC,332,148.88607788085938,139.3181915283203,91.36986541748047
4689,cut2,4689,POPC,333,135.0099334716797,1.7840665578842163,102.18313598632812
4689,cut2,4689,POPC,334,103.37651062011719,191.45828247070312,72.18334197998047
4689,cut2,4689,POPC,335,160.42100524902344,206.73716735839844,93.02279663085938
4689,cut2,4689,POPC,336,25.935171127319336,83.17350769042969,92.05545806884766
4689,cut2,4689,POPC,337,66.15713500976562,122.92112731933594,74.54947662353516
4689,cut2,4689,POPC,338,11.871291160583496,232.08363342285156,102.46382904052734
4689,cut2,4689,POPC,339,142.01870727539062,194.58538818359375,89.57545471191406
4689,cut2,4689,POPC,340,39.48301315307617,42.29989242553711,94.01756286621094
4689,cut2,4689,POPC,341,0.8390096426010133,237.6666259765625,101.72142791748047
4689,cut2,4689,POPC,342,168.0534210205078,183.2490234375,95.84626007080078
4689,cut2,4689,POPC,343,160.58753967285156,160.77870178222656,94.72247314453125
4689,cut2,4689,POPC,344,186.89073181152344,36.69032669067383,99.69244384765625
4689,cut2,4689,POPC,345,139.45703125,86.67208099365234,81.47331237792969
4689,cut2,4689,POPC,346,173.7525177001953,124.74766540527344,93.54261779785156
4689,cut2,4689,POPC,347,155.38621520996094,210.2759857177734,54.5086669921875
4689,cut2,4689,POPC,348,103.78506469726562,99.25038146972656,79.69357299804688
4689,cut2,4689,POPC,349,157.201416015625,231.37472534179688,94.23164367675781
4689,cut2,4689,POPC,350,195.8327178955078,6.29078483581543,98.86598205566406
4689,cut2,4689,POPC,351,49.9950065612793,185.01223754882812,88.03923797607422
4689,cut2,4689,POPC,352,138.7535858154297,15.44272232055664,98.9497299194336
4689,cut2,4689,POPC,353,161.1461639404297,173.20481872558594,92.53545379638672
4689,cut2,4689,POPC,354,42.75583267211914,7.060522556304932,94.27184295654297
4689,cut2,4689,POPC,355,83.58722686767578,174.327392578125,73.07473754882812
4689,cut2,4689,POPC,356,121.61585998535156,18.090232849121094,99.40565490722656
4689,cut2,4689,POPC,357,147.9192657470703,211.2447967529297,91.00138092041017
4689,cut2,4689,POPC,358,156.9698944091797,117.77641296386719,93.76393127441406
4689,cut2,4689,POPC,359,116.66709899902344,216.9908447265625,81.63175201416016
4689,cut2,4689,POPC,360,121.79187774658203,148.37069702148438,76.15296936035156
4689,cut2,4689,POPC,361,23.9959774017334,33.058799743652344,93.84613800048828
4689,cut2,4689,POPC,362,126.14016723632812,145.49310302734375,79.48841094970703
4689,cut2,4689,POPC,363,46.69512939453125,127.27459716796875,75.53803253173828
4689,cut2,4689,POPC,364,70.60072326660156,102.30980682373047,78.77008056640625
4689,cut2,4689,POPC,365,144.7353515625,114.77289581298828,95.25167083740234
4689,cut2,4689,POPC,366,176.01300048828125,102.59123229980469,99.85729217529297
4689,cut2,4689,POPC,367,176.69664001464844,54.92577362060547,101.90267944335938
4689,cut2,4689,POPC,368,174.0332794189453,93.3652114868164,97.40985870361328
4689,cut2,4689,POPC,369,74.90974426269531,201.00653076171875,90.35304260253906
4689,cut2,4689,POPC,370,4.480220317840576,228.35534667968753,98.26228332519531
4689,cut2,4689,POPC,371,59.00849151611328,197.94381713867188,87.80940246582031
4689,cut2,4689,POPC,372,12.54769515991211,240.05612182617188,103.17194366455078
4689,cut2,4689,POPC,373,24.333126068115234,75.07743835449219,96.0040512084961
4689,cut2,4689,POPC,374,186.0448455810547,67.64593505859375,102.4700927734375
4689,cut2,4689,POPC,375,93.85322570800781,37.17696762084961,96.25955963134766
4689,cut2,4689,POPC,376,66.8856430053711,63.29220962524413,91.22994995117188
4689,cut2,4689,POPC,377,145.36517333984375,133.90560913085938,89.9070053100586
4689,cut2,4689,POPC,378,47.55918884277344,82.7850112915039,89.4963607788086
4689,cut2,4689,POPC,379,28.436941146850582,21.37481689453125,95.24063110351562
4689,cut2,4689,POPC,380,42.374271392822266,18.402801513671875,99.07650756835938
4689,cut2,4689,POPC,381,78.0593490600586,125.6598129272461,70.01596069335938
4689,cut2,4689,POPC,382,46.568660736083984,230.59048461914062,94.61592864990234
4689,cut2,4689,POPC,383,87.52706909179688,165.7523193359375,71.8559341430664
4689,cut2,4689,POPC,384,192.03392028808594,169.0240478515625,96.21481323242188
4689,cut2,4689,POPC,385,81.59304809570312,68.91978454589844,88.0378189086914
4689,cut2,4689,POPC,386,59.308162689208984,76.05360412597656,88.1260757446289
4689,cut2,4689,POPC,387,67.93514251708984,130.55516052246094,74.89494323730469
4689,cut2,4689,POPC,388,58.82589340209961,11.864374160766602,94.55438995361328
4689,cut2,4689,POPC,389,164.0812530517578,13.595039367675781,103.02782440185547
4689,cut2,4689,POPC,390,174.24317932128906,216.31463623046875,101.5671615600586
4689,cut2,4689,POPC,391,93.80152130126953,144.35726928710938,72.4458236694336
4689,cut2,4689,POPC,392,118.1919937133789,204.79483032226562,82.47697448730469
4689,cut2,4689,POPC,393,48.003028869628906,221.7746124267578,91.50110626220705
4689,cut2,4689,POPC,394,176.05535888671875,113.54277038574219,63.107872009277344
4689,cut2,4689,POPC,395,65.51368713378906,178.99525451660156,81.33429718017578
4689,cut2,4689,POPC,396,115.94324493408203,159.4789276123047,73.12115478515625
4689,cut2,4689,POPC,397,27.43231964111328,204.9266357421875,93.24549865722656
4689,cut2,4689,POPC,398,71.64431762695312,29.731399536132812,87.49536895751953
4689,cut2,4689,POPC,399,132.34104919433594,124.16830444335938,90.62251281738281
4689,cut2,4689,POPC,400,85.10332489013672,11.150932312011719,94.75836944580078
4689,cut2,4689,POPC,401,176.82666015625,194.0251922607422,87.14097595214844
4689,cut2,4689,POPC,402,120.03567504882812,136.1366424560547,80.04643249511719
4689,cut2,4689,POPC,403,21.63888931274414,220.265625,96.35314178466797
4689,cut2,4689,POPC,404,195.18939208984375,189.59962463378906,89.30048370361328
4689,cut2,4689,POPC,405,47.767181396484375,120.78226470947264,73.67868041992188
4689,cut2,4689,POPC,406,42.8215217590332,118.397216796875,68.51395416259766
4689,cut2,4689,POPC,407,90.06068420410156,231.39149475097656,92.69740295410156
4689,cut2,4689,POPC,408,167.4286651611328,74.57276153564453,98.50775909423828
4689,cut2,4689,POPC,409,144.12608337402344,230.34703063964844,95.29371643066406
4689,cut2,4689,POPC,410,96.85435485839844,63.912109375,90.64739990234375
4689,cut2,4689,POPC,411,80.1295928955078,41.4189567565918,95.58103942871094
4689,cut2,4689,POPC,412,74.17160034179688,95.7406234741211,85.14791107177734
4689,cut2,4689,POPC,413,42.82781219482422,206.17739868164062,89.87700653076172
4689,cut2,4689,POPC,414,149.18763732910156,9.962982177734375,100.34396362304688
4689,cut2,4689,POPC,415,11.949874877929688,34.608821868896484,94.33222961425781
4689,cut2,4689,POPC,416,15.085579872131348,166.18795776367188,92.77995300292969
4689,cut2,4689,POPC,417,179.3675537109375,184.34706115722656,91.86756896972656
4689,cut2,4689,POPC,418,22.903940200805664,39.70848083496094,95.99456787109375
4689,cut2,4689,POPC,419,86.30611419677734,97.88224029541017,82.4760513305664
4689,cut2,4689,POPC,420,66.73406219482422,75.29466247558594,89.21251678466797
4689,cut2,4689,POPC,421,15.537430763244629,44.878639221191406,98.62704467773438
4689,cut2,4689,POPC,422,21.131925582885742,164.60446166992188,87.42990112304688
4689,cut2,4689,POPC,423,31.387928009033203,231.68568420410156,96.75111389160156
4689,cut2,4689,POPC,424,158.14605712890625,155.04945373535156,90.77053833007812
4689,cut2,4689,POPC,425,133.83717346191406,151.83023071289062,85.9454345703125
4689,cut2,4689,POPC,426,18.413959503173828,4.786829948425293,96.09534454345703
4689,cut2,4689,POPC,427,109.28797912597656,92.99481201171875,81.47909545898438
4689,cut2,4689,POPC,428,136.87644958496094,214.1887664794922,90.27255249023438
4689,cut2,4689,POPC,429,15.000489234924316,27.092529296875,94.64944458007812
4689,cut2,4689,POPC,430,172.65374755859375,61.15248489379883,101.08838653564453
4689,cut2,4689,POPC,431,129.8942413330078,55.759132385253906,91.62808227539062
4689,cut2,4689,POPC,432,187.04983520507812,41.17068862915039,95.05215454101562
4689,cut2,4689,POPC,433,183.15036010742188,9.558079719543457,102.55931091308594
4689,cut2,4689,POPC,434,42.763336181640625,197.4593963623047,91.65693664550781
4689,cut2,4689,POPC,435,23.12858009338379,233.14772033691406,95.21139526367188
4689,cut2,4689,POPC,436,98.56663513183594,228.7685089111328,90.78155517578125
4689,cut2,4689,POPC,437,118.67532348632812,139.11317443847656,74.6195068359375
4689,cut2,4689,POPC,438,144.2395477294922,153.65252685546875,86.44535064697266
4689,cut2,4689,POPC,439,76.64344787597656,225.93612670898438,91.75775146484375
4689,cut2,4689,POPC,440,36.979068756103516,187.46446228027344,88.42730712890625
4689,cut2,4689,POPC,441,123.8565444946289,130.7770233154297,84.47533416748047
4689,cut2,4689,POPC,442,49.91288757324219,142.44058227539062,78.62425994873047
4689,cut2,4689,POPC,443,37.14739990234375,56.915496826171875,98.18617248535156
4689,cut2,4689,POPC,444,198.1563720703125,29.818729400634766,97.41405487060547
4689,cut2,4689,POPC,445,134.64022827148438,79.95582580566408,81.01000213623047
4689,cut2,4689,POPC,446,142.4309997558594,174.59579467773438,86.9109878540039
4689,cut2,4689,POPC,447,5.258243083953857,215.75408935546872,90.06398010253906
4689,cut2,4689,POPC,448,112.25189971923828,151.5997314453125,71.05134582519531
4689,cut2,4689,POPC,449,32.74967575073242,127.05575561523438,77.4944839477539
4689,cut2,4689,POPC,450,131.36141967773438,171.45375061035156,79.86779022216797
4689,cut2,4689,POPC,451,80.87773895263672,93.58456420898438,81.31430053710938
4689,cut2,4689,POPC,452,39.47277069091797,150.86474609375,86.53020477294922
4689,cut2,4689,POPC,453,128.9775390625,92.72134399414062,77.4214859008789
4689,cut2,4689,POPC,454,178.72402954101565,26.208415985107422,104.29449462890625
4689,cut2,4689,POPC,455,13.5640869140625,188.32215881347656,91.42601013183594
4689,cut2,4689,POPC,456,116.45714569091797,24.69961929321289,98.63072204589844
4689,cut2,4689,POPC,457,122.00846862792969,77.53953552246094,85.5284652709961
4689,cut2,4689,POPC,458,77.37796783447266,171.12857055664062,76.01011657714844
4689,cut2,4689,POPC,459,60.766578674316406,3.946770191192627,88.46307373046875
4689,cut2,4689,POPC,460,128.5050811767578,13.291105270385742,99.0231704711914
4689,cut2,4689,POPC,461,80.3810806274414,46.514503479003906,91.3036880493164
4689,cut2,4689,POPC,462,70.8768539428711,183.66058349609375,84.75714111328125
4689,cut2,4689,POPC,463,82.25218200683594,17.542465209960938,54.52869415283203
4689,cut2,4689,POPC,464,44.48422241210937,88.61148834228516,90.55292510986328
4689,cut2,4689,POPC,465,109.26336669921875,65.70829010009766,89.2153549194336
4689,cut2,4689,POPC,466,49.4354248046875,88.3731918334961,86.47110748291016
4689,cut2,4689,POPC,467,135.1495361328125,199.21307373046875,41.661617279052734
4689,cut2,4689,POPC,468,122.41390228271483,11.258343696594238,95.64940643310547
4689,cut2,4689,POPC,469,76.34378051757812,3.597020387649536,91.55876922607422
4689,cut2,4689,POPC,470,124.16912841796875,160.38302612304688,78.88765716552734
4689,cut2,4689,POPC,471,179.73614501953125,64.9682846069336,100.8721923828125
4689,cut2,4689,POPC,472,29.623327255249023,34.98000717163086,92.18513488769531
4689,cut2,4689,POPC,473,69.03445434570312,166.12713623046875,75.51632690429688
4689,cut2,4689,POPC,474,180.9996795654297,109.42951202392578,93.68919372558594
4689,cut2,4689,POPC,475,194.89373779296875,93.6236572265625,102.58314514160156
4689,cut2,4689,POPC,476,160.9696807861328,54.90454864501953,97.4328384399414
4689,cut2,4689,POPC,477,41.97809600830078,223.089599609375,90.9917984008789
4689,cut2,4689,POPC,478,77.91461944580078,24.469459533691406,89.83201599121094
4689,cut2,4689,POPC,479,78.83747863769531,212.00930786132812,88.77523040771484
4689,cut2,4689,POPC,480,29.075334548950195,59.670536041259766,95.90010833740234
4689,cut2,4689,POPC,481,62.64372634887695,31.201398849487305,89.94603729248047
4689,cut2,4689,POPC,482,54.765193939208984,122.1598129272461,73.69331359863281
4689,cut2,4689,POPC,483,157.86962890625,4.50216007232666,98.56636047363281
4689,cut2,4689,POPC,484,160.57215881347656,198.25653076171875,90.25421905517578
4689,cut2,4689,POPC,485,166.7873077392578,189.99058532714844,93.35802459716797
4689,cut2,4689,POPC,486,86.02920532226562,134.80572509765625,77.19886779785156
4689,cut2,4689,POPC,487,172.36997985839844,48.55139923095703,98.64356994628906
4689,cut2,4689,POPC,488,35.44697570800781,172.77569580078125,86.64960479736328
4689,cut2,4689,POPC,489,62.00361633300781,81.68429565429688,86.14543151855469
4689,cut2,4689,POPC,490,68.30542755126953,191.33905029296875,86.46296691894531
4689,cut2,4689,POPC,491,137.78460693359375,170.35501098632812,85.5965576171875
4689,cut2,4689,POPC,492,143.72312927246094,63.74325942993164,88.48213958740234
4689,cut2,4689,POPC,493,59.416778564453125,145.79261779785156,79.30480194091797
4689,cut2,4689,POPC,494,153.17918395996094,149.732421875,88.7740478515625
4689,cut2,4689,POPC,495,110.99533081054688,134.25270080566406,79.91392517089844
4689,cut2,4689,POPC,496,70.60137939453125,211.2412872314453,90.18889617919922
4689,cut2,4689,POPC,497,72.97154235839844,158.5249786376953,76.6890869140625
4689,cut2,4689,POPC,498,183.397705078125,188.763427734375,90.60876464843749
4689,cut2,4689,POPC,499,117.55145263671875,97.01514434814453,79.12786865234375
4689,cut2,4689,POPC,500,47.79366683959961,134.0146942138672,75.53388977050781
4689,cut2,4689,POPC,501,13.163592338562012,82.91338348388672,98.0145263671875
4689,cut2,4689,POPC,502,117.74420928955078,240.049560546875,99.80941772460938
4689,cut2,4689,POPC,503,53.05602264404297,209.81939697265625,88.3941650390625
4689,cut2,4689,POPC,504,69.24308776855469,36.20401382446289,87.34105682373047
4689,cut2,4689,POPC,505,71.08482360839844,173.58164978027344,77.19442749023438
4689,cut2,4689,POPC,506,138.17855834960938,157.06710815429688,85.31201171875
4689,cut2,4689,POPC,507,179.52210998535156,199.572998046875,89.9970474243164
4689,cut2,4689,POPC,508,79.59635925292969,63.9826545715332,50.334693908691406
4689,cut2,4689,POPC,509,16.86734199523926,34.07029724121094,94.19861602783203
4689,cut2,4689,POPC,510,20.398820877075195,81.53675842285156,94.56441497802734
4689,cut2,4689,POPC,511,166.6761932373047,102.91757202148438,100.09024810791016
4689,cut2,4689,POPC,512,90.86478424072266,29.05206298828125,99.5730972290039
4689,cut2,4689,POPC,513,69.54542541503906,223.75828552246094,90.37686920166016
4689,cut2,4689,POPC,514,170.3900146484375,215.0017852783203,97.64561462402344
4689,cut2,4689,POPC,515,153.6298828125,203.94630432128906,88.2562255859375
4689,cut2,4689,POPC,516,172.68295288085938,173.91802978515625,93.27669525146484
4689,cut2,4689,POPC,517,23.470598220825195,200.2334442138672,91.12298583984375
4689,cut2,4689,POPC,518,20.715967178344727,133.0770721435547,83.32533264160156
4689,cut2,4689,POPC,519,106.13907623291016,81.4138412475586,85.4278335571289
4689,cut2,4689,POPC,520,161.46194458007812,236.04681396484375,94.72868347167969
4689,cut2,4689,POPC,521,99.40059661865234,141.58233642578125,79.57828521728516
4689,cut2,4689,POPC,522,113.51841735839844,71.3767318725586,87.72782135009766
4689,cut2,4689,POPC,523,21.57217025756836,11.301055908203125,96.66944122314453
4689,cut2,4689,POPC,524,149.89244079589844,157.62222290039062,87.16744995117188
4689,cut2,4689,POPC,525,50.60702896118164,163.66119384765625,86.62762451171875
4689,cut2,4689,POPC,526,117.57804107666016,5.02990198135376,96.05558776855469
4689,cut2,4689,POPC,527,57.303070068359375,171.52464294433594,81.70083618164062
4689,cut2,4689,POPC,528,19.628202438354492,235.15667724609375,99.9115219116211
4689,cut2,4689,POPC,529,34.15045166015625,4.828902721405029,92.26380920410156
4689,cut2,4689,POPC,530,61.269168853759766,178.14859008789062,86.05842590332031
4689,cut2,4689,POPC,531,168.26730346679688,85.23694610595703,97.71751403808594
4689,cut2,4689,POPC,532,192.41163635253906,32.2633056640625,97.66561889648438
4689,cut2,4689,POPC,533,196.6909637451172,56.186031341552734,97.32413482666016
4689,cut2,4689,POPC,534,117.5210952758789,193.6842803955078,81.51935577392578
4689,cut2,4689,POPC,535,32.471046447753906,156.35079956054688,86.25849151611328
4689,cut2,4689,POPC,536,94.36994934082031,43.77055358886719,94.72647857666016
4689,cut2,4689,POPC,537,188.0067138671875,194.91183471679688,91.4701156616211
4689,cut2,4689,POPC,538,76.61756896972656,178.6639862060547,78.65804290771484
4689,cut2,4689,POPC,539,162.8617706298828,87.37610626220703,96.75241088867188
4689,cut2,4689,POPC,540,119.96919250488281,211.24020385742188,80.04706573486328
4689,cut2,4689,POPC,541,163.59312438964844,167.9583282470703,93.3428955078125
4689,cut2,4689,POPC,542,125.18281555175781,48.97283172607422,93.67828369140625
4689,cut2,4689,POPC,543,153.25331115722656,19.783849716186523,103.54303741455078
4689,cut2,4689,POPC,544,182.90408325195312,98.2182388305664,96.85275268554688
4689,cut2,4689,POPC,545,61.85538101196289,217.35009765625,93.39957427978516
4689,cut2,4689,POPC,546,67.43421936035156,12.793502807617188,90.69000244140625
4689,cut2,4689,POPC,547,198.41917419433594,185.87619018554688,91.85232543945312
4689,cut2,4689,POPC,548,86.43619537353516,90.32360076904297,80.59661865234375
4689,cut2,4689,POPC,549,115.07415008544922,58.93900680541992,93.81678009033203
4689,cut2,4689,POPC,550,7.178560733795166,127.60492706298828,82.68316650390625
4689,cut2,4689,POPC,551,70.95008850097656,23.354597091674805,85.11011505126953
4689,cut2,4689,POPC,552,15.537881851196289,176.6299285888672,90.28459930419922
4689,cut2,4689,POPC,553,94.61743927001953,74.85252380371094,86.47117614746094
4689,cut2,4689,POPC,554,67.1935043334961,202.13702392578125,89.2799301147461
4689,cut2,4689,POPC,555,49.4714241027832,203.83172607421875,87.47334289550781
4689,cut2,4689,POPC,556,186.52926635742188,88.5894546508789,101.7022476196289
4689,cut2,4689,POPC,557,42.82632827758789,186.2220916748047,89.11783599853516
4689,cut2,4689,POPC,558,86.15550994873047,105.8915023803711,83.16968536376953
4689,cut2,4689,POPC,559,127.61907196044922,154.8091583251953,80.09252166748047
4689,cut2,4689,POPC,560,26.57033729553223,154.38258361816406,84.85868072509766
4689,cut2,4689,POPC,561,6.832655429840088,41.99309158325195,98.00064086914062
4689,cut2,4689,POPC,562,173.56472778320312,42.72775650024414,99.89967346191406
4689,cut2,4689,POPC,563,3.9806952476501465,196.65895080566406,91.85489654541016
4689,cut2,4689,POPC,564,38.4703025817871,50.638980865478516,94.08306884765625
4689,cut2,4689,POPC,565,56.66737747192383,235.12171936035156,92.35942077636719
4689,cut2,4689,POPC,566,85.7825698852539,141.31654357910156,73.51904296875
4689,cut2,4689,POPC,567,39.39895248413086,145.4734191894531,80.1362533569336
4689,cut2,4689,POPC,568,21.550479888916016,65.96397399902344,96.003662109375
4689,cut2,4689,POPC,569,153.88134765625,210.19647216796875,92.89286804199219
4689,cut2,4689,POPC,570,182.2595672607422,212.43572998046875,96.98560333251953
4689,cut2,4689,POPC,571,48.65107345581055,103.93364715576172,45.56231689453125
4689,cut2,4689,POPC,572,17.012163162231445,61.80057907104492,96.20344543457031
4689,cut2,4689,POPC,573,111.66191864013672,23.759889602661133,101.71785736083984
4689,cut2,4689,POPC,574,166.3289031982422,225.6273651123047,98.47235870361328
4689,cut2,4689,POPC,575,37.38087844848633,27.607135772705078,92.76065063476562
4689,cut2,4689,POPC,576,160.72323608398438,134.15745544433594,91.58901977539062
4689,cut2,4689,POPC,577,146.84707641601562,195.6182403564453,86.31231689453125
4689,cut2,4689,POPC,578,19.983644485473633,156.26901245117185,84.79460144042969
4689,cut2,4689,POPC,579,169.4365234375,130.99375915527344,95.87010955810547
4689,cut2,4689,POPC,580,136.93934631347656,162.245361328125,84.7429428100586
4689,cut2,4689,POPC,581,113.49022674560547,173.0293731689453,74.19257354736328
4689,cut2,4689,POPC,582,2.0736613273620605,18.375720977783203,96.3545150756836
4689,cut2,4689,POPC,583,184.99215698242188,205.16574096679688,93.21575927734375
4689,cut2,4689,POPC,584,163.60850524902344,99.43009185791016,58.181026458740234
4689,cut2,4689,POPC,585,41.804420471191406,0.48145803809165955,94.29576873779297
4689,cut2,4689,POPC,586,163.025634765625,7.553394317626953,98.87107849121094
4689,cut2,4689,POPC,587,100.05819702148438,1.1453713178634644,96.82199096679688
4689,cut2,4689,POPC,588,187.44680786132812,217.43998718261716,95.81060791015625
4689,cut2,4689,POPC,589,6.6416802406311035,60.440853118896484,97.21870422363281
4689,cut2,4689,POPC,590,35.49091720581055,135.3301239013672,81.27064514160156
4689,cut2,4689,POPC,591,74.95506286621094,152.0843505859375,77.13397216796875
4689,cut2,4689,POPC,592,60.7568359375,193.4987030029297,49.761592864990234
4689,cut2,4689,POPC,593,190.3856658935547,15.9107084274292,97.80191040039062
4689,cut2,4689,POPC,594,185.55438232421875,232.3675994873047,98.33206176757812
4689,cut2,4689,POPC,595,64.6333236694336,225.71173095703125,95.43138885498047
4689,cut2,4689,POPC,596,120.34173583984375,166.70846557617188,73.85403442382812
4689,cut2,4689,POPC,597,112.3150405883789,146.0054931640625,74.29393768310547
4689,cut2,4689,POPC,598,39.25159454345703,160.15298461914062,83.6340103149414
4689,cut2,4689,POPC,599,119.28868103027344,35.42166519165039,92.82864379882812
4689,cut2,4689,POPC,600,27.73444175720215,121.6585464477539,76.386474609375
4689,cut2,4689,POPC,601,27.559938430786133,125.55796813964845,80.92048645019531
4689,cut2,4689,POPC,602,164.55189514160156,125.81322479248047,93.98844909667969
4689,cut2,4689,POPC,603,101.0506362915039,10.434111595153809,97.00213623046875
4689,cut2,4689,POPC,604,27.612918853759766,240.55877685546875,93.64388275146484
4689,cut2,4689,POPC,605,128.00904846191406,-0.255688339471817,100.68359375
4689,cut2,4689,POPC,606,167.78945922851562,17.374496459960938,101.33918762207031
4689,cut2,4689,POPC,607,87.58605194091797,130.1566162109375,81.67750549316405
4689,cut2,4689,POPC,608,54.90419006347656,243.2011260986328,92.43020629882812
4689,cut2,4689,POPC,609,17.231395721435547,18.840152740478516,96.99427032470705
4689,cut2,4689,POPC,610,15.60473918914795,212.79730224609378,93.86974334716797
4689,cut2,4689,POPC,611,179.27490234375,169.08718872070312,95.64966583251953
4689,cut2,4689,POPC,612,58.444820404052734,185.02633666992188,88.5215072631836
4689,cut2,4689,POPC,613,161.86695861816406,236.4154510498047,55.246612548828125
4689,cut2,4689,POPC,614,128.8580322265625,221.9892578125,84.54064178466797
4689,cut2,4689,POPC,615,9.394211769104004,202.4176483154297,86.7923812866211
4689,cut2,4689,POPC,616,188.06019592285156,243.05508422851562,98.73102569580078
4689,cut2,4689,POPC,617,141.07830810546875,202.03367614746094,86.82909393310547
4689,cut2,4689,POPC,618,7.259626865386963,138.61183166503906,88.18660736083984
4689,cut2,4689,POPC,619,187.36402893066406,180.45945739746094,91.47569274902344
4689,cut2,4689,POPC,620,142.0375213623047,5.337375164031982,101.54914093017578
4689,cut2,4689,POPC,621,154.11117553710938,225.33807373046875,96.91995239257812
4689,cut2,4689,POPC,622,151.13909912109375,194.2630157470703,91.45813751220703
4689,cut2,4689,POPC,623,121.08048248291016,53.25302505493164,93.03671264648438
4689,cut2,4689,POPC,624,117.73206329345703,151.7946319580078,77.71131134033203
4689,cut2,4689,POPC,625,141.0169219970703,143.8662109375,89.21404266357422
4689,cut2,4689,POPC,626,131.18609619140625,99.05319213867188,40.184146881103516
4689,cut2,4689,POPC,627,53.91957092285156,177.7934112548828,42.71424102783203
4689,cut2,4689,POPC,628,63.073291778564446,199.62086486816406,52.18117904663086
4689,cut2,4689,POPC,629,150.9834747314453,174.36410522460938,48.23637771606445
4689,cut2,4689,POPC,630,119.16862487792969,64.56816864013672,47.81824493408203
4689,cut2,4689,POPC,631,19.357988357543945,0.945757269859314,55.27458190917969
4689,cut2,4689,POPC,632,140.3936309814453,199.5127716064453,47.07560729980469
4689,cut2,4689,POPC,633,129.88568115234375,150.70115661621094,43.780372619628906
4689,cut2,4689,POPC,634,48.27918243408203,195.61642456054688,51.91862487792969
4689,cut2,4689,POPC,635,141.1736602783203,3.859675884246826,54.95746612548828
4689,cut2,4689,POPC,636,16.276025772094727,166.6783447265625,44.87069320678711
4689,cut2,4689,POPC,637,6.26039457321167,21.539718627929688,56.149749755859375
4689,cut2,4689,POPC,638,111.03306579589844,40.87845993041992,60.4244270324707
4689,cut2,4689,POPC,639,66.3866195678711,191.7493438720703,46.03767013549805
4689,cut2,4689,POPC,640,198.04840087890625,213.50035095214844,56.44623565673828
4689,cut2,4689,POPC,641,166.81443786621094,151.85812377929688,53.64982223510742
4689,cut2,4689,POPC,642,158.06622314453125,173.02084350585938,51.7540397644043
4689,cut2,4689,POPC,643,60.48217010498047,181.1346435546875,45.7647819519043
4689,cut2,4689,POPC,644,38.60625076293945,83.82432556152342,56.04467010498047
4689,cut2,4689,POPC,645,7.077163219451904,62.88689041137695,61.62025451660156
4689,cut2,4689,POPC,646,195.49534606933597,12.264058113098145,61.890052795410156
4689,cut2,4689,POPC,647,177.07940673828125,78.27853393554688,60.577613830566406
4689,cut2,4689,POPC,648,169.873046875,141.69241333007812,57.89992141723633
4689,cut2,4689,POPC,649,183.57492065429688,65.63312530517578,55.634239196777344
4689,cut2,4689,POPC,650,169.5563201904297,192.5963592529297,55.12467956542969
4689,cut2,4689,POPC,651,152.38345336914062,152.24366760253906,48.218387603759766
4689,cut2,4689,POPC,652,166.27957153320312,185.68385314941406,56.29971694946289
4689,cut2,4689,POPC,653,11.912534713745117,183.88536071777344,52.49732208251953
4689,cut2,4689,POPC,654,40.73788833618164,176.78883361816406,45.788612365722656
4689,cut2,4689,POPC,655,48.92730712890625,40.69731140136719,49.933250427246094
4689,cut2,4689,POPC,656,42.69356918334961,210.931396484375,53.3814811706543
4689,cut2,4689,POPC,657,32.5891227722168,151.0571746826172,44.3435173034668
4689,cut2,4689,POPC,658,86.12320709228516,122.98831176757812,49.52157974243164
4689,cut2,4689,POPC,659,52.37812423706055,152.5638885498047,48.37392807006836
4689,cut2,4689,POPC,660,98.6619644165039,37.24205780029297,54.31404495239258
4689,cut2,4689,POPC,661,29.8072452545166,34.672096252441406,53.9530143737793
4689,cut2,4689,POPC,662,171.71844482421875,52.77779006958008,64.72957611083984
4689,cut2,4689,POPC,663,136.48675537109375,185.59718322753906,39.67753982543945
4689,cut2,4689,POPC,664,6.190667629241943,42.09819412231445,56.652076721191406
4689,cut2,4689,POPC,665,5.179446697235107,209.3060760498047,57.074771881103516
4689,cut2,4689,POPC,666,142.00840759277344,130.54165649414062,43.18781280517578
4689,cut2,4689,POPC,667,-0.13858473300933838,98.17626190185547,60.303043365478516
4689,cut2,4689,POPC,668,143.23919677734375,152.40599060058594,44.60025405883789
4689,cut2,4689,POPC,669,149.60678100585938,132.54452514648438,48.069091796875
4689,cut2,4689,POPC,670,195.63929748535156,30.41741371154785,64.50409698486328
4689,cut2,4689,POPC,671,78.14698028564453,85.74512481689453,45.72067642211914
4689,cut2,4689,POPC,672,190.08526611328125,163.44830322265625,52.182132720947266
4689,cut2,4689,POPC,673,114.14775848388672,7.608013153076171,58.08528518676758
4689,cut2,4689,POPC,674,178.10890197753906,51.991058349609375,59.12120056152344
4689,cut2,4689,POPC,675,64.46866607666016,179.66183471679688,41.09281539916992
4689,cut2,4689,POPC,676,70.29898071289062,86.57465362548828,46.47029495239258
4689,cut2,4689,POPC,677,152.05477905273438,202.17935180664062,52.816402435302734
4689,cut2,4689,POPC,678,30.297138214111328,205.7707061767578,51.50037384033203
4689,cut2,4689,POPC,679,48.75665283203125,219.08334350585938,53.46045684814453
4689,cut2,4689,POPC,680,135.20896911621094,168.18516540527344,38.27140426635742
4689,cut2,4689,POPC,681,63.321598052978516,48.35197830200195,52.046165466308594
4689,cut2,4689,POPC,682,117.83069610595703,70.35324096679688,48.90407180786133
4689,cut2,4689,POPC,683,177.21897888183594,233.71783447265625,57.54384231567383
4689,cut2,4689,POPC,684,111.4400634765625,137.14146423339844,40.46476364135743
4689,cut2,4689,POPC,685,122.88996124267578,23.20479965209961,55.23212432861328
4689,cut2,4689,POPC,686,72.47919464111328,169.74034118652344,38.08277893066406
4689,cut2,4689,POPC,687,179.77142333984375,176.9636993408203,54.47808074951172
4689,cut2,4689,POPC,688,54.719078063964844,222.76995849609375,50.055267333984375
4689,cut2,4689,POPC,689,32.89508819580078,164.01759338378906,45.06658172607422
4689,cut2,4689,POPC,690,185.12286376953125,154.1461639404297,57.54147720336914
4689,cut2,4689,POPC,691,15.052865982055664,75.56753540039062,55.18268585205078
4689,cut2,4689,POPC,692,175.78152465820312,170.02523803710938,58.427833557128906
4689,cut2,4689,POPC,693,123.59971618652344,162.2132110595703,35.226856231689446
4689,cut2,4689,POPC,694,155.4340362548828,178.9536895751953,48.966575622558594
4689,cut2,4689,POPC,695,156.43905639648438,230.63328552246094,59.37113952636719
4689,cut2,4689,POPC,696,112.03827667236328,31.222145080566406,57.584354400634766
4689,cut2,4689,POPC,697,75.74686431884766,30.58782196044922,51.18458938598633
4689,cut2,4689,POPC,698,91.49993896484375,23.88993263244629,55.970943450927734
4689,cut2,4689,POPC,699,0.04792344570159912,51.84024429321289,57.85715866088867
4689,cut2,4689,POPC,700,105.99188995361328,3.820871114730835,57.3624267578125
4689,cut2,4689,POPC,701,148.59336853027344,209.13856506347656,52.06488037109376
4689,cut2,4689,POPC,702,79.61132049560547,58.7380485534668,57.660064697265625
4689,cut2,4689,POPC,703,38.81093978881836,60.67119216918945,52.168853759765625
4689,cut2,4689,POPC,704,83.33980560302734,228.0173797607422,56.26475143432617
4689,cut2,4689,POPC,705,87.46592712402344,219.96322631835938,52.37374496459961
4689,cut2,4689,POPC,706,57.010475158691406,185.4892120361328,45.51896667480469
4689,cut2,4689,POPC,707,13.968182563781738,21.68866539001465,52.26029968261719
4689,cut2,4689,POPC,708,73.93189239501953,144.67086791992188,75.37631225585938
4689,cut2,4689,POPC,709,12.927204132080078,197.4159393310547,54.74350357055664
4689,cut2,4689,POPC,710,188.5390625,27.074739456176758,64.29851531982422
4689,cut2,4689,POPC,711,43.429771423339844,93.29136657714844,51.95161056518555
4689,cut2,4689,POPC,712,41.6511344909668,183.30862426757812,49.025428771972656
4689,cut2,4689,POPC,713,34.88581466674805,2.8578262329101562,54.5689582824707
4689,cut2,4689,POPC,714,171.081787109375,9.97270393371582,59.34237289428711
4689,cut2,4689,POPC,715,4.807246685028076,196.12469482421875,56.511043548583984
4689,cut2,4689,POPC,716,190.8970947265625,38.41279602050781,63.17095184326172
4689,cut2,4689,POPC,717,183.37869262695312,76.11553192138672,57.62641906738281
4689,cut2,4689,POPC,718,76.1206283569336,20.403818130493164,55.552879333496094
4689,cut2,4689,POPC,719,-0.7503248453140259,69.1788101196289,55.72599411010742
4689,cut2,4689,POPC,720,4.335336208343506,155.1973114013672,50.8182258605957
4689,cut2,4689,POPC,721,111.4788589477539,99.47283935546875,38.82504653930664
4689,cut2,4689,POPC,722,155.19593811035156,217.58865356445312,54.84103775024414
4689,cut2,4689,POPC,723,99.56472778320312,168.31370544433594,33.21646499633789
4689,cut2,4689,POPC,724,97.70401000976562,235.9119873046875,57.31407165527344
4689,cut2,4689,POPC,725,0.6849416494369507,238.4610137939453,60.13653564453125
4689,cut2,4689,POPC,726,91.98703002929688,52.68557357788086,58.42850875854492
4689,cut2,4689,POPC,727,34.02631759643555,210.4311065673828,50.91072082519531
4689,cut2,4689,POPC,728,51.94231033325195,69.48103332519531,47.9056282043457
4689,cut2,4689,POPC,729,55.66015625,11.815350532531738,55.866580963134766
4689,cut2,4689,POPC,730,73.44539642333984,54.06630325317383,53.74716186523438
4689,cut2,4689,POPC,731,75.99325561523438,226.210693359375,53.0408821105957
4689,cut2,4689,POPC,732,190.58998107910156,185.5752410888672,54.84486389160156
4689,cut2,4689,POPC,733,118.92083740234375,11.544535636901855,58.21708679199219
4689,cut2,4689,POPC,734,135.9215087890625,145.06065368652344,40.81477737426758
4689,cut2,4689,POPC,735,49.81268310546875,187.91929626464844,47.59857940673828
4689,cut2,4689,POPC,736,10.90866756439209,239.97935485839844,56.07674789428711
4689,cut2,4689,POPC,737,44.8827018737793,28.69394874572754,48.171417236328125
4689,cut2,4689,POPC,738,17.763856887817383,203.31370544433594,56.2712287902832
4689,cut2,4689,POPC,739,181.25367736816406,126.59407043457031,64.97881317138672
4689,cut2,4689,POPC,740,70.5134506225586,31.166460037231445,55.2968864440918
4689,cut2,4689,POPC,741,195.4508819580078,178.0631866455078,53.42161178588867
4689,cut2,4689,POPC,742,21.50288200378418,223.47512817382812,52.192039489746094
4689,cut2,4689,POPC,743,82.58729553222656,204.70542907714844,51.370243072509766
4689,cut2,4689,POPC,744,85.90753936767578,240.74099731445312,55.88600540161133
4689,cut2,4689,POPC,745,70.13489532470703,218.1614532470703,48.63150405883789
4689,cut2,4689,POPC,746,137.8646697998047,155.70407104492188,44.789058685302734
4689,cut2,4689,POPC,747,2.9409995079040527,149.2734375,55.8140754699707
4689,cut2,4689,POPC,748,111.48872375488281,55.404117584228516,53.963661193847656
4689,cut2,4689,POPC,749,20.337087631225586,212.8999786376953,55.73759078979492
4689,cut2,4689,POPC,750,111.69918823242188,69.31758117675781,47.243072509765625
4689,cut2,4689,POPC,751,57.11881637573242,242.56304931640625,53.491416931152344
4689,cut2,4689,POPC,752,86.0616226196289,36.16427993774414,52.758304595947266
4689,cut2,4689,POPC,753,182.17227172851562,47.62549591064453,59.19768142700195
4689,cut2,4689,POPC,754,157.3876190185547,224.91795349121094,56.85722351074219
4689,cut2,4689,POPC,755,127.0359878540039,208.17616271972656,47.23649215698242
4689,cut2,4689,POPC,756,22.82337188720703,190.40841674804688,53.50519943237305
4689,cut2,4689,POPC,757,188.3516387939453,82.75025939941406,57.88454818725586
4689,cut2,4689,POPC,758,170.1675262451172,169.94235229492188,59.49043273925781
4689,cut2,4689,POPC,759,91.31070709228516,36.89493179321289,52.99897384643555
4689,cut2,4689,POPC,760,169.391845703125,157.28704833984375,56.42155838012695
4689,cut2,4689,POPC,761,193.78025817871094,57.854652404785156,58.706573486328125
4689,cut2,4689,POPC,762,8.368056297302246,224.1766357421875,54.059356689453125
4689,cut2,4689,POPC,763,162.9644012451172,110.30811309814453,59.99199676513672
4689,cut2,4689,POPC,764,22.74211311340332,53.10991287231445,56.28925323486328
4689,cut2,4689,POPC,765,13.323795318603516,40.64201354980469,57.10231018066406
4689,cut2,4689,POPC,766,50.94099426269531,161.30821228027344,42.964012145996094
4689,cut2,4689,POPC,767,58.30706024169922,169.4287872314453,37.19819641113281
4689,cut2,4689,POPC,768,65.14892578125,62.922393798828125,50.63148880004883
4689,cut2,4689,POPC,769,179.03863525390625,63.24534225463867,58.45073318481446
4689,cut2,4689,POPC,770,114.89892578125,23.241127014160156,55.54704284667969
4689,cut2,4689,POPC,771,186.70016479492188,58.85838317871094,56.54729461669922
4689,cut2,4689,POPC,772,22.694347381591797,237.7852325439453,56.62068557739258
4689,cut2,4689,POPC,773,59.84281921386719,30.73320770263672,47.474124908447266
4689,cut2,4689,POPC,774,81.60043334960938,3.4299097061157227,56.36041259765625
4689,cut2,4689,POPC,775,161.0292510986328,141.781982421875,55.550689697265625
4689,cut2,4689,POPC,776,184.5767059326172,36.15582275390625,61.26299285888672
4689,cut2,4689,POPC,777,146.53826904296875,185.45176696777344,44.51291275024414
4689,cut2,4689,POPC,778,193.70094299316406,173.01287841796875,51.012508392333984
4689,cut2,4689,POPC,779,186.5630645751953,177.15357971191406,53.39313507080078
4689,cut2,4689,POPC,780,4.809590816497803,176.8120880126953,46.94392776489258
4689,cut2,4689,POPC,781,73.59976959228516,237.18992614746094,56.61943435668945
4689,cut2,4689,POPC,782,140.72723388671875,122.0040054321289,47.147518157958984
4689,cut2,4689,POPC,783,65.07237243652344,161.51373291015625,36.55961608886718
4689,cut2,4689,POPC,784,100.02937316894531,45.20022201538086,52.901611328125
4689,cut2,4689,POPC,785,48.40998458862305,244.36439514160156,56.420631408691406
4689,cut2,4689,POPC,786,157.24436950683594,165.05670166015625,48.44915771484375
4689,cut2,4689,POPC,787,166.79861450195312,16.89975929260254,58.91196823120117
4689,cut2,4689,POPC,788,7.013720989227295,165.3289794921875,46.27672576904297
4689,cut2,4689,POPC,789,124.35099029541016,5.722367286682129,57.629634857177734
4689,cut2,4689,POPC,790,68.9972915649414,235.50669860839844,54.02682876586914
4689,cut2,4689,POPC,791,106.47400665283203,69.30694580078125,50.034244537353516
4689,cut2,4689,POPC,792,48.606048583984375,17.381488800048828,53.02854537963867
4689,cut2,4689,POPC,793,120.00049591064453,18.337127685546875,58.32286834716797
4689,cut2,4689,POPC,794,103.42042541503905,17.656885147094727,59.529335021972656
4689,cut2,4689,POPC,795,63.746002197265625,78.6789779663086,48.298099517822266
4689,cut2,4689,POPC,796,182.76568603515625,99.33598327636719,65.88497924804688
4689,cut2,4689,POPC,797,66.63250732421875,230.7653350830078,48.97133255004883
4689,cut2,4689,POPC,798,41.69028472900391,43.166168212890625,48.44151306152344
4689,cut2,4689,POPC,799,171.75161743164062,59.47487258911133,59.61700439453125
4689,cut2,4689,POPC,800,103.72721099853516,99.11186218261719,40.32891082763672
4689,cut2,4689,POPC,801,38.155120849609375,13.81092357635498,55.803627014160156
4689,cut2,4689,POPC,802,40.31765365600586,30.331663131713867,50.063331604003906
4689,cut2,4689,POPC,803,177.10763549804688,9.658480644226074,58.85026168823242
4689,cut2,4689,POPC,804,125.56405639648438,156.9055938720703,39.37862014770508
4689,cut2,4689,POPC,805,157.54022216796875,19.45806884765625,60.15616226196289
4689,cut2,4689,POPC,806,57.15540313720703,57.97183609008789,50.332706451416016
4689,cut2,4689,POPC,807,100.27531433105469,3.0306994915008545,60.25706481933594
4689,cut2,4689,POPC,808,69.87446594238281,46.98279571533203,51.77935028076172
4689,cut2,4689,POPC,809,171.63652038574222,41.715145111083984,64.47273254394531
4689,cut2,4689,POPC,810,183.37921142578125,185.02767944335938,52.99251174926758
4689,cut2,4689,POPC,811,150.21852111816406,167.6771240234375,43.35442352294922
4689,cut2,4689,POPC,812,149.88656616210938,15.31104564666748,60.74951171875
4689,cut2,4689,POPC,813,49.24456787109375,31.731464385986328,50.65398025512695
4689,cut2,4689,POPC,814,187.1737518310547,115.39224243164062,57.39226150512695
4689,cut2,4689,POPC,815,22.729948043823242,133.64932250976562,44.52203369140625
4689,cut2,4689,POPC,816,16.34575080871582,28.88817024230957,54.52506637573242
4689,cut2,4689,POPC,817,183.14279174804688,11.472118377685547,60.0108757019043
4689,cut2,4689,POPC,818,15.307788848876953,191.8193359375,56.791221618652344
4689,cut2,4689,POPC,819,97.71414947509766,110.09436798095703,43.53350067138672
4689,cut2,4689,POPC,820,32.318302154541016,109.52534484863281,46.12868118286133
4689,cut2,4689,POPC,821,129.44447326660156,191.63787841796875,42.0492057800293
4689,cut2,4689,POPC,822,1.7703202962875366,132.19515991210938,59.09537124633789
4689,cut2,4689,POPC,823,81.49763488769531,222.47056579589844,54.502140045166016
4689,cut2,4689,POPC,824,73.55469512939453,135.06976318359375,73.45347595214844
4689,cut2,4689,POPC,825,85.99605560302734,26.93008041381836,54.500465393066406
4689,cut2,4689,POPC,826,182.83811950683594,88.71834564208984,62.33446502685547
4689,cut2,4689,POPC,827,157.17601013183594,93.06298065185547,57.56895446777344
4689,cut2,4689,POPC,828,9.204383850097654,77.66845703125,55.21204376220703
4689,cut2,4689,POPC,829,41.600685119628906,66.28536224365234,55.22757339477539
4689,cut2,4689,POPC,830,35.948692321777344,156.01832580566406,45.39183807373047
4689,cut2,4689,POPC,831,167.1202850341797,49.335662841796875,65.21965026855469
4689,cut2,4689,POPC,832,192.7401580810547,74.67672729492188,56.42365646362305
4689,cut2,4689,POPC,833,167.6030731201172,81.05044555664062,58.56696701049805
4689,cut2,4689,POPC,834,62.49004364013672,206.36715698242188,51.55009078979492
4689,cut2,4689,POPC,835,8.961369514465332,33.65082550048828,54.99894714355469
4689,cut2,4689,POPC,836,12.970636367797852,60.46720886230469,59.76787185668945
4689,cut2,4689,POPC,837,6.025232791900635,28.792882919311523,60.10105514526367
4689,cut2,4689,POPC,838,94.08320617675781,0.06233916059136391,56.746131896972656
4689,cut2,4689,POPC,839,153.0459747314453,127.30970764160156,46.06956100463867
4689,cut2,4689,POPC,840,42.553504943847656,237.9319305419922,55.028926849365234
4689,cut2,4689,POPC,841,175.36703491210938,209.8704833984375,52.82048034667969
4689,cut2,4689,POPC,842,194.0795440673828,197.70631408691406,56.24885177612305
4689,cut2,4689,POPC,843,68.74945831298828,204.28466796875,51.25868606567383
4689,cut2,4689,POPC,844,46.00539779663086,72.58074951171875,51.982120513916016
4689,cut2,4689,POPC,845,58.619667053222656,233.23239135742188,50.84452438354492
4689,cut2,4689,POPC,846,3.688462734222412,57.834991455078125,60.58926010131836
4689,cut2,4689,POPC,847,31.964778900146484,215.3856201171875,52.4034538269043
4689,cut2,4689,POPC,848,176.04554748535156,46.7974967956543,62.96018218994141
4689,cut2,4689,POPC,849,169.6266632080078,74.99995422363281,59.67742156982422
4689,cut2,4689,POPC,850,176.6064910888672,99.31000518798828,60.742557525634766
4689,cut2,4689,POPC,851,98.21875762939453,25.524864196777344,55.5506706237793
4689,cut2,4689,POPC,852,161.43667602539062,180.67486572265625,54.769248962402344
4689,cut2,4689,POPC,853,65.59476470947266,151.57635498046875,39.93073272705078
4689,cut2,4689,POPC,854,189.57977294921875,21.702838897705078,65.42769622802734
4689,cut2,4689,POPC,855,2.063016414642334,87.49071502685547,54.456886291503906
4689,cut2,4689,POPC,856,121.17789459228516,183.65052795410156,35.07294845581055
4689,cut2,4689,POPC,857,120.58981323242188,103.2659912109375,38.873607635498054
4689,cut2,4689,POPC,858,169.1718292236328,203.8216552734375,55.06838607788086
4689,cut2,4689,POPC,859,63.90209197998047,235.99061584472656,48.72890090942383
4689,cut2,4689,POPC,860,47.41069793701172,214.19854736328125,52.142333984375
4689,cut2,4689,POPC,861,54.17919921875,208.71742248535156,51.07711410522461
4689,cut2,4689,POPC,862,23.912845611572266,59.7350959777832,58.16487121582031
4689,cut2,4689,POPC,863,176.25711059570312,67.91143035888672,59.911460876464844
4689,cut2,4689,POPC,864,32.850830078125,60.757179260253906,54.59471130371094
4689,cut2,4689,POPC,865,35.0910530090332,91.20675659179688,52.95746994018555
4689,cut2,4689,POPC,866,25.60806655883789,88.09770202636719,96.13580322265625
4689,cut2,4689,POPC,867,20.481647491455078,145.62239074707028,48.565773010253906
4689,cut2,4689,POPC,868,22.002164840698242,173.09194946289062,45.622474670410156
4689,cut2,4689,POPC,869,170.32012939453125,115.08362579345703,59.572017669677734
4689,cut2,4689,POPC,870,70.1828842163086,157.70481872558594,36.5999870300293
4689,cut2,4689,POPC,871,163.558349609375,226.27195739746094,59.31993865966797
4689,cut2,4689,POPC,872,128.68190002441406,183.51483154296875,37.78516387939453
4689,cut2,4689,POPC,873,64.39495849609375,142.7542266845703,40.40555953979492
4689,cut2,4689,POPC,874,53.11384582519531,145.18020629882812,46.99919128417969
4689,cut2,4689,POPC,875,166.9662628173828,176.14407348632812,56.602264404296875
4689,cut2,4689,POPC,876,114.9919204711914,36.112266540527344,55.603919982910156
4689,cut2,4689,POPC,877,46.785709381103516,180.29693603515625,46.024169921875
4689,cut2,4689,POPC,878,144.3535614013672,139.11558532714844,44.195621490478516
4689,cut2,4689,POPC,879,27.649019241333008,93.92634582519531,93.59358978271484
4689,cut2,4689,POPC,880,60.072200775146484,126.47122192382812,34.3626594543457
4689,cut2,4689,POPC,881,17.04885482788086,55.83139419555664,61.359535217285156
4689,cut2,4689,POPC,882,102.04549407958984,106.10885620117188,39.315834045410156
4689,cut2,4689,POPC,883,125.0692367553711,33.17768859863281,55.777435302734375
4689,cut2,4689,POPC,884,181.91065979003906,238.51251220703125,58.7431755065918
4689,cut2,4689,POPC,885,26.952133178710938,169.01783752441406,47.96696090698242
4689,cut2,4689,POPC,886,45.07418441772461,189.05140686035156,48.48989486694336
4689,cut2,4689,POPC,887,35.013916015625,181.7727508544922,49.74835586547852
4689,cut2,4689,POPC,888,29.988636016845703,227.5457000732422,51.14396667480469
4689,cut2,4689,POPC,889,35.55323028564453,231.4835662841797,51.92896270751953
4689,cut2,4689,POPC,890,2.9183249473571777,17.184410095214844,59.41608810424805
4689,cut2,4689,POPC,891,174.26341247558594,199.5790252685547,54.77546691894531
4689,cut2,4689,POPC,892,175.86427307128906,182.49314880371097,54.365116119384766
4689,cut2,4689,POPC,893,165.4755401611328,217.36021423339844,55.4647331237793
4689,cut2,4689,POPC,894,192.08059692382812,44.62984085083008,58.295555114746094
4689,cut2,4689,POPC,895,96.91159820556639,15.02983283996582,56.414085388183594
4689,cut2,4689,POPC,896,141.38348388671875,210.64552307128906,50.7330207824707
4689,cut2,4689,POPC,897,194.6974639892578,63.42223358154297,58.12155532836914
4689,cut2,4689,POPC,898,53.640716552734375,201.18360900878906,50.423187255859375
4689,cut2,4689,POPC,899,95.5716323852539,103.10888671875,42.179656982421875
4689,cut2,4689,POPC,900,89.61580657958984,233.60882568359375,57.39948272705078
4689,cut2,4689,POPC,901,29.846105575561523,17.102771759033203,52.874027252197266
4689,cut2,4689,POPC,902,37.78824234008789,190.95086669921875,49.612693786621094
4689,cut2,4689,POPC,903,185.6143341064453,128.47230529785156,60.25080871582031
4689,cut2,4689,POPC,904,15.526598930358887,217.3981475830078,54.75508499145508
4689,cut2,4689,POPC,905,160.8214874267578,187.17857360839844,52.56665802001953
4689,cut2,4689,POPC,906,53.23177719116211,3.5407094955444336,58.807159423828125
4689,cut2,4689,POPC,907,39.818580627441406,200.7699432373047,52.322513580322266
4689,cut2,4689,POPC,908,186.3650360107422,203.2871856689453,55.51243591308594
4689,cut2,4689,POPC,909,183.07066345214844,167.22415161132812,56.35921859741211
4689,cut2,4689,POPC,910,164.92555236816406,165.04978942871094,55.0023193359375
4689,cut2,4689,POPC,911,186.6106414794922,137.35693359375,61.32756805419922
4689,cut2,4689,POPC,912,21.161487579345703,91.37525177001953,58.99338150024414
4689,cut2,4689,POPC,913,115.14875030517578,84.10356903076172,40.43511199951172
4689,cut2,4689,POPC,914,32.4201774597168,49.211181640625,49.85970687866211
4689,cut2,4689,POPC,915,179.606689453125,158.079345703125,56.28070831298828
4689,cut2,4689,POPC,916,138.46290588378906,-0.20493760704994202,60.093990325927734
4689,cut2,4689,POPC,917,173.53242492675784,246.50393676757812,56.64720153808594
4689,cut2,4689,POPC,918,27.213945388793945,43.56846237182617,52.97657775878906
4689,cut2,4689,POPC,919,58.414947509765625,213.5582275390625,53.85688781738281
4689,cut2,4689,POPC,920,69.08572387695312,67.32986450195312,48.20480728149414
4689,cut2,4689,POPC,921,84.79088592529297,43.411903381347656,53.438541412353516
4689,cut2,4689,POPC,922,113.21170806884766,144.96751403808594,36.96768951416016
4689,cut2,4689,POPC,923,15.076004028320312,142.06517028808594,47.52644729614258
4689,cut2,4689,POPC,924,31.811513900756836,21.412565231323242,56.54921340942383
4689,cut2,4689,POPC,925,7.403005123138428,67.37290954589844,56.205326080322266
4689,cut2,4689,POPC,926,133.01051330566406,207.39956665039062,48.13540267944336
4689,cut2,4689,POPC,927,163.57223510742188,160.90338134765625,50.060020446777344
4689,cut2,4689,POPC,928,16.739288330078125,13.039895057678223,52.374656677246094
4689,cut2,4689,POPC,929,185.39736938476562,148.78729248046875,61.01067352294922
4689,cut2,4689,POPC,930,68.92982482910156,81.59327697753906,50.50611877441406
4689,cut2,4689,POPC,931,51.221275329589844,111.02265167236328,39.60847473144531
4689,cut2,4689,POPC,932,46.960838317871094,59.97529602050781,51.439231872558594
4689,cut2,4689,POPC,933,64.15819549560547,13.765518188476562,54.55297088623047
4689,cut2,4689,POPC,934,20.57760238647461,47.739994049072266,56.826675415039055
4689,cut2,4689,POPC,935,93.8678970336914,65.93235778808594,53.624053955078125
4689,cut2,4689,POPC,936,79.3924560546875,212.33108520507812,50.49406814575195
4689,cut2,4689,POPC,937,70.94869995117188,18.870031356811523,52.627742767333984
4689,cut2,4689,POPC,938,29.814979553222656,186.077392578125,48.56939697265625
4689,cut2,4689,POPC,939,25.246047973632812,182.7915802001953,52.005828857421875
4689,cut2,4689,POPC,940,17.809446334838867,66.37767791748047,60.85437774658203
4689,cut2,4689,POPC,941,88.6091079711914,70.69878387451172,53.465457916259766
4689,cut2,4689,POPC,942,35.0198860168457,70.6944808959961,51.8382682800293
4689,cut2,4689,POPC,943,110.78932189941406,16.85173225402832,59.93236541748046
4689,cut2,4689,POPC,944,54.08367919921875,139.66966247558594,41.44287109375
4689,cut2,4689,POPC,945,129.15757751464844,50.39462661743164,57.37990951538086
4689,cut2,4689,POPC,946,21.88802719116211,207.36070251464844,58.20725631713867
4689,cut2,4689,POPC,947,181.77899169921875,94.72706604003906,61.582855224609375
4689,cut2,4689,POPC,948,82.73418426513672,69.9703369140625,51.150394439697266
4689,cut2,4689,POPC,949,125.1806869506836,74.94409942626953,48.576961517333984
4689,cut2,4689,POPC,950,22.265256881713867,151.77882385253906,47.22099304199219
4689,cut2,4689,POPC,951,13.388727188110352,159.31979370117188,45.70454025268555
4689,cut2,4689,POPC,952,147.97630310058594,219.73118591308594,60.15565490722656
4689,cut2,4689,POPC,953,161.09559631347656,34.51200866699219,63.83869934082031
4689,cut2,4689,POPC,954,192.34275817871094,210.8806610107422,53.81388854980469
4689,cut2,4689,POPC,955,181.3389129638672,213.22068786621094,53.04538345336914
4689,cut2,4689,POPC,956,19.533836364746094,185.2843780517578,54.470741271972656
4689,cut2,4689,POPC,957,176.04690551757812,227.7133331298828,55.035888671875
4689,cut2,4689,POPC,958,154.3541259765625,146.47039794921875,47.37664031982422
4689,cut2,4689,POPC,959,154.8280029296875,8.41771125793457,55.88233947753906
4689,cut2,4689,POPC,960,39.914005279541016,73.97215270996094,53.11857604980469
4689,cut2,4689,POPC,961,180.85342407226562,220.0519256591797,54.96198272705078
4689,cut2,4689,POPC,962,102.1362533569336,61.32106399536133,54.163082122802734
4689,cut2,4689,POPC,963,32.798484802246094,84.08343505859375,54.568016052246094
4689,cut2,4689,POPC,964,26.360151290893555,144.46107482910156,47.002647399902344
4689,cut2,4689,POPC,965,7.295032978057861,190.01504516601562,54.229942321777344
4689,cut2,4689,POPC,966,159.77212524414062,27.72295570373535,62.451995849609375
4689,cut2,4689,POPC,967,187.19805908203125,51.91410446166992,57.17505645751953
4689,cut2,4689,POPC,968,28.646448135375977,197.927001953125,49.54444122314453
4689,cut2,4689,POPC,969,38.43095779418945,216.25694274902344,53.40389633178711
4689,cut2,4689,POPC,970,0.7493509054183959,37.07514572143555,58.40435791015625
4689,cut2,4689,POPC,971,118.88459014892578,58.415645599365234,51.52080917358399
4689,cut2,4689,POPC,972,137.36582946777344,16.179889678955078,54.74397659301758
4689,cut2,4689,POPC,973,83.1544189453125,125.63031005859375,41.690879821777344
4689,cut2,4689,POPC,974,163.2576904296875,10.213597297668459,57.755882263183594
4689,cut2,4689,POPC,975,192.13235473632812,232.28012084960938,60.65837097167969
4689,cut2,4689,POPC,976,10.094550132751465,232.66273498535153,54.69469451904297
4689,cut2,4689,POPC,977,76.44630432128908,0.5265830755233765,55.58426284790039
4689,cut2,4689,POPC,978,163.00466918945312,23.190776824951172,60.154457092285156
4689,cut2,4689,POPC,979,174.8709716796875,120.63107299804688,63.62428283691406
4689,cut2,4689,POPC,980,146.35218811035156,239.60702514648438,56.8037223815918
4689,cut2,4689,POPC,981,7.343807697296143,219.85894775390625,57.04594421386719
4689,cut2,4689,POPC,982,45.00305938720703,171.02394104003906,42.74399948120117
4689,cut2,4689,POPC,983,99.81468963623047,81.12923431396484,42.84247970581055
4689,cut2,4689,POPC,984,59.68730163574219,113.56481170654297,44.16701126098633
4689,cut2,4689,POPC,985,179.11647033691406,38.39870834350586,62.98163604736328
4689,cut2,4689,POPC,986,187.9174499511719,12.577146530151367,63.07537841796875
4689,cut2,4689,POPC,987,27.237022399902344,28.055437088012695,56.8568229675293
4689,cut2,4689,POPC,988,40.57262420654297,5.443001747131348,54.46019744873047
4689,cut2,4689,POPC,989,103.17427825927736,11.421361923217773,57.096195220947266
4689,cut2,4689,POPC,990,83.22827911376952,137.42657470703125,36.03653335571289
4689,cut2,4689,POPC,991,3.2017359733581543,8.119098663330078,59.517181396484375
4689,cut2,4689,POPC,992,81.92471313476562,53.16740417480469,54.694602966308594
4689,cut2,4689,POPC,993,43.88649368286133,20.543102264404297,48.633697509765625
4689,cut2,4689,POPC,994,56.463287353515625,147.61273193359375,42.288570404052734
4689,cut2,4689,POPC,995,39.74607467651367,162.84130859375,45.62550735473633
4689,cut2,4689,POPC,996,9.740839958190918,12.008371353149414,55.29723358154297
4689,cut2,4689,POPC,997,137.91969299316406,191.99661254882812,41.86378479003906
4689,cut2,4689,POPC,998,173.16464233398438,175.98126220703128,56.95400619506836
4689,cut2,4689,POPC,999,112.50596618652344,61.874671936035156,52.66518020629883
4689,cut2,4689,POPC,1000,45.626224517822266,157.28298950195312,49.493995666503906
4689,cut2,4689,POPC,1001,103.4044189453125,121.04376983642578,47.92676544189453
4689,cut2,4689,POPC,1002,25.268327713012695,49.012264251708984,50.84375762939453
4689,cut2,4689,POPC,1003,118.73285675048828,166.31874084472656,31.03387451171875
4689,cut2,4689,POPC,1004,88.21654510498047,19.3565673828125,53.0560188293457
4689,cut2,4689,POPC,1005,97.45795440673827,123.18058013916016,49.761695861816406
4689,cut2,4689,POPC,1006,167.76339721679688,106.93574523925781,58.74007797241211
4689,cut2,4689,POPC,1007,144.4749755859375,20.522144317626953,62.099365234375
4689,cut2,4689,POPC,1008,35.571346282958984,39.62938690185547,49.2187614440918
4689,cut2,4689,POPC,1009,175.1069793701172,193.1140594482422,54.330726623535156
4689,cut2,4689,POPC,1010,23.037363052368164,22.856861114501953,55.33638381958008
4689,cut2,4689,POPC,1011,59.24765396118164,152.88003540039062,38.732452392578125
4689,cut2,4689,POPC,1012,185.1770782470703,196.04173278808594,56.33448028564454
4689,cut2,4689,POPC,1013,32.08528518676758,177.46856689453125,45.968990325927734
4689,cut2,4689,POPC,1014,50.808597564697266,79.16926574707031,50.85636520385742
4689,cut2,4689,POPC,1015,188.68243408203125,225.77337646484375,55.4844856262207
4689,cut2,4689,POPC,1016,0.5185102224349976,166.83865356445312,48.254981994628906
4689,cut2,4689,POPC,1017,29.662033081054688,132.2594757080078,43.14363479614258
4689,cut2,4689,POPC,1018,48.93798828125,130.10374450683594,34.51888656616211
4689,cut2,4689,POPC,1019,181.17686462402344,135.94760131835938,58.085208892822266
4689,cut2,4689,POPC,1020,54.15425491333008,63.95952606201172,50.93375778198242
4689,cut2,4689,POPC,1021,135.40982055664062,99.80210876464844,46.23487854003906
4689,cut2,4689,POPC,1022,154.70863342285156,141.9535369873047,52.50856399536133
4689,cut2,4689,POPC,1023,185.43275451660156,104.96570587158203,62.719078063964844
4689,cut2,4689,POPC,1024,137.04537963867188,8.12508773803711,55.006099700927734
4689,cut2,4689,POPC,1025,-1.6325689554214478,23.558624267578125,62.506927490234375
4689,cut2,4689,POPC,1026,104.96632385253906,25.84823226928711,55.157859802246094
4689,cut2,4689,POPC,1027,155.54847717285156,189.85780334472656,49.3443489074707
4689,cut2,4689,POPC,1028,166.0848846435547,38.9802131652832,62.77592468261719
4689,cut2,4689,POPC,1029,94.23063659667969,31.244152069091797,54.735801696777344
4689,cut2,4689,POPC,1030,177.36439514160156,106.21138763427734,62.05828857421875
4689,cut2,4689,POPC,1031,9.631399154663086,6.651122093200684,53.9415283203125
4689,cut2,4689,POPC,1032,96.25098419189453,95.51881408691406,41.903343200683594
4689,cut2,4689,POPC,1033,71.44549560546875,39.1790885925293,52.41309356689453
4689,cut2,4689,POPC,1034,44.07612228393555,233.20489501953125,52.953121185302734
4689,cut2,4689,POPC,1035,131.64723205566406,176.3772430419922,36.4485969543457
4689,cut2,4689,POPC,1036,47.98826599121094,13.643561363220215,56.82128143310547
4689,cut2,4689,POPC,1037,20.011220932006836,6.525280952453613,54.276790618896484
4689,cut2,4689,POPC,1038,162.06787109375,168.9615936279297,52.021209716796875
4689,cut2,4689,POPC,1039,167.33700561523438,241.883544921875,56.23405075073242
4689,cut2,4689,POPC,1040,149.05616760253906,138.22421264648438,50.92937088012695
4689,cut2,4689,POPC,1041,47.53448486328125,51.890769958496094,50.599159240722656
4689,cut2,4689,POPC,1042,66.2627944946289,24.932947158813477,52.69119644165039
4689,cut2,4689,POPC,1043,175.2998504638672,163.50274658203125,56.31330490112305
4689,cut2,4689,POPC,1044,26.433591842651367,155.9557647705078,48.02715301513672
4689,cut2,4689,POPC,1045,62.353424072265625,92.81385040283203,43.23063659667969
4689,cut2,4689,POPC,1046,66.59697723388672,223.9297637939453,49.17390441894531
4689,cut2,4689,POPC,1047,73.41828918457031,76.05416107177734,50.650360107421875
4689,cut2,4689,POPC,1048,28.927471160888672,234.82000732421875,52.0278205871582
4689,cut2,4689,POPC,1049,191.08334350585938,155.46604919433594,55.379539489746094
4689,cut2,4689,POPC,1050,173.49221801757812,32.23535919189453,62.15461730957031
4689,cut2,4689,POPC,1051,127.09581756591797,200.07948303222656,41.95827102661133
4689,cut2,4689,POPC,1052,165.576416015625,124.14639282226562,55.91553497314453
4689,cut2,4689,POPC,1053,172.65895080566406,126.36721801757812,60.18799972534179
4689,cut2,4689,POPC,1054,196.89837646484375,207.3849639892578,55.981849670410156
4689,cut2,4689,POPC,1055,176.4119415283203,90.8033676147461,60.45219421386719
4689,cut2,4689,POPC,1056,15.358468055725098,229.49822998046875,55.27125549316406
4689,cut2,4689,POPC,1057,160.8384552001953,132.69447326660156,51.63449478149414
4689,cut2,4689,POPC,1058,34.14667510986328,145.49819946289062,44.460975646972656
4689,cut2,4689,POPC,1059,194.3777618408203,219.6177520751953,56.53438186645508
4689,cut2,4689,POPC,1060,185.1923828125,4.58185338973999,58.61723327636719
4689,cut2,4689,POPC,1061,17.391342163085938,85.6458511352539,51.20906066894531
4689,cut2,4689,POPC,1062,183.3001556396484,82.04849243164062,62.28657531738281
4689,cut2,4689,POPC,1063,181.75828552246094,203.74008178710938,51.870147705078125
4689,cut2,4689,POPC,1064,12.224648475646973,210.91612243652344,58.566123962402344
4689,cut2,4689,POPC,1065,20.918127059936523,16.637779235839844,52.34415054321289
4689,cut2,4689,POPC,1066,4.333117961883545,185.0220184326172,53.68297576904297
4689,cut2,4689,POPC,1067,57.1679916381836,44.834571838378906,51.12248229980469
4689,cut2,4689,POPC,1068,63.324989318847656,71.7179183959961,49.558723449707024
4689,cut2,4689,POPC,1069,118.15287780761719,51.819488525390625,55.43791961669922
4689,cut2,4689,POPC,1070,105.96432495117188,89.27549743652344,40.37919998168945
4689,cut2,4689,POPC,1071,34.19948196411133,237.60231018066406,53.24250793457031
4689,cut2,4689,POPC,1072,145.30062866210938,163.39923095703125,42.11043930053711
4689,cut2,4689,POPC,1073,52.07142639160156,48.88624954223633,51.06735610961914
4689,cut2,4689,POPC,1074,190.37738037109375,-1.9107214212417603,60.974456787109375
4689,cut2,4689,POPC,1075,67.71868896484375,212.5820770263672,50.85337448120117
4689,cut2,4689,POPC,1076,7.842742443084716,50.55540084838867,59.79879379272461
4689,cut2,4689,POPC,1077,146.42489624023438,8.707735061645508,55.41745376586914
4689,cut2,4689,POPC,1078,21.408021926879883,228.90235900878906,54.083099365234375
4689,cut2,4689,POPC,1079,79.03408813476562,41.145294189453125,55.29458999633789
4689,cut2,4689,POPC,1080,68.75601196289062,4.690717697143555,55.128875732421875
4689,cut2,4689,POPC,1081,193.2216339111328,95.79529571533203,63.88141632080078
4689,cut2,4689,POPC,1082,20.76564598083496,196.72906494140625,55.064369201660156
4689,cut2,4689,POPC,1083,67.63813018798828,188.12840270996094,40.538055419921875
4689,cut2,4689,POPC,1084,152.2993621826172,1.8465930223464966,55.28338623046875
4689,cut2,4689,POPC,1085,172.06039428710938,25.837207794189453,59.874298095703125
4689,cut2,4689,POPC,1086,159.6305694580078,193.05352783203125,54.53506851196289
4689,cut2,4689,POPC,1087,147.0849151611328,156.64500427246094,46.97285461425781
4689,cut2,4689,POPC,1088,156.63507080078125,121.97309875488281,48.82741165161133
4689,cut2,4689,POPC,1089,29.4540958404541,76.04373931884766,56.16012191772461
4689,cut2,4689,POPC,1090,178.172119140625,148.06076049804688,57.80030822753906
4689,cut2,4689,POPC,1091,29.18948745727539,211.2454071044922,55.29422378540039
4689,cut2,4689,POPC,1092,155.86666870117188,37.98023223876953,67.32806396484375
4689,cut2,4689,POPC,1093,92.89204406738281,187.23130798339844,39.8054084777832
4689,cut2,4689,POPC,1094,74.89009857177734,81.14375305175781,48.82105255126953
4689,cut2,4689,POPC,1095,88.39441680908203,11.90703296661377,55.08356857299805
4689,cut2,4689,POPC,1096,129.83718872070312,136.3858642578125,41.381221771240234
4689,cut2,4689,POPC,1097,169.84207153320312,133.25564575195312,57.730308532714844
4689,cut2,4689,POPC,1098,75.46776580810547,10.081317901611328,50.168071746826165
4689,cut2,4689,POPC,1099,170.1230010986328,222.59869384765625,56.346343994140625
4689,cut2,4689,POPC,1100,75.50382995605469,47.36972427368164,55.14051055908203
4689,cut2,4689,POPC,1101,108.23966217041016,37.29464340209961,56.3209342956543
4689,cut2,4689,POPC,1102,153.10293579101562,235.407958984375,55.56634521484376
4689,cut2,4689,POPC,1103,1.4698594808578491,233.0669708251953,57.8283576965332
4689,cut2,4689,POPC,1104,132.23281860351562,18.899883270263672,55.812965393066406
4689,cut2,4689,POPC,1105,89.74809265136719,77.36890411376953,46.698387145996094
4689,cut2,4689,POPC,1106,43.342041015625,221.70033264160156,50.178096771240234
4689,cut2,4689,POPC,1107,108.97953033447266,180.0162811279297,30.751873016357422
4689,cut2,4689,POPC,1108,144.70860290527344,178.11636352539062,45.92037582397461
4689,cut2,4689,POPC,1109,193.5443267822266,109.55177307128906,61.22914123535156
4689,cut2,4689,POPC,1110,131.0027313232422,9.110574722290039,55.94009017944336
4689,cut2,4689,POPC,1111,75.08919525146484,151.29220581054688,42.22819519042969
4689,cut2,4689,POPC,1112,15.79314136505127,92.38671875,53.148475646972656
4689,cut2,4689,POPC,1113,183.6654510498047,232.54356384277344,55.40089797973633
4689,cut2,4689,POPC,1114,0.7125047445297241,189.80738830566406,56.586753845214844
4689,cut2,4689,POPC,1115,50.72550582885742,172.7191619873047,40.72313690185547
4689,cut2,4689,POPC,1116,196.3789520263672,3.3398773670196533,61.23078918457031
4689,cut2,4689,POPC,1117,182.0621795654297,21.61464500427246,64.14197540283203
4689,cut2,4689,POPC,1118,25.0434627532959,38.55876922607422,58.01725769042969
4689,cut2,4689,POPC,1119,1.5912030935287476,79.5975112915039,56.94207763671875
4689,cut2,4689,POPC,1120,145.23297119140625,190.37789916992188,47.093040466308594
4689,cut2,4689,POPC,1121,118.14090728759766,94.1885986328125,37.477500915527344
4689,cut2,4689,POPC,1122,66.659912109375,56.537750244140625,49.899635314941406
4689,cut2,4689,POPC,1123,149.73089599609375,229.94245910644534,59.59046936035156
4689,cut2,4689,POPC,1124,0.40743768215179443,225.58139038085938,54.69068145751953
4689,cut2,4689,POPC,1125,53.136436462402344,134.17274475097656,37.31283950805664
4689,cut2,4689,POPC,1126,112.10621643066406,173.8768310546875,30.966156005859375
4689,cut2,4689,POPC,1127,34.56502151489258,28.014970779418945,52.42890930175781
4689,cut2,4689,POPC,1128,37.1763916015625,224.97488403320312,52.088226318359375
4689,cut2,4689,POPC,1129,95.80072021484375,59.46893310546875,53.753196716308594
4689,cut2,4689,POPC,1130,103.95083618164062,179.5554656982422,29.10525894165039
4689,cut2,4689,POPC,1131,196.6018524169922,91.12995147705078,60.856597900390625
4689,cut2,4689,POPC,1132,32.29635238647461,66.46978759765625,58.328365325927734
4689,cut2,4689,POPC,1133,12.091495513916016,178.42909240722656,48.22547149658203
4689,cut2,4689,POPC,1134,58.41263961791992,23.299957275390625,51.69123077392578
4689,cut2,4689,POPC,1135,88.1373519897461,57.644039154052734,57.99317932128906
4689,cut2,4689,POPC,1136,148.40924072265625,144.71063232421875,43.69091033935547
4689,cut2,4689,POPC,1137,24.725605010986328,85.06641387939453,53.7036247253418
4689,cut2,4689,POPC,1138,182.97943115234375,111.58226013183594,67.09465026855469
4689,cut2,4689,POPC,1139,35.719425201416016,169.4141387939453,46.869590759277344
4689,cut2,4689,POPC,1140,63.96492004394531,38.299293518066406,49.57457733154297
4689,cut2,4689,POPC,1141,90.857421875,127.90483856201172,48.140018463134766
4689,cut2,4689,POPC,1142,57.18101119995117,37.065250396728516,49.839298248291016
4689,cut2,4689,POPC,1143,176.54818725585938,27.139497756958008,62.56950378417969
4689,cut2,4689,SAPI,1144,87.16313171386719,48.668392181396484,53.17488479614258
4689,cut2,4689,SAPI,1145,67.06925964355469,135.80340576171875,38.39800262451172
4689,cut2,4689,SAPI,1146,121.26350402832031,39.28535461425781,61.465362548828125
4689,cut2,4689,SAPI,1147,13.677570343017578,47.170406341552734,60.497249603271484
4689,cut2,4689,SAPI,1148,32.042354583740234,138.88169860839844,44.25869369506836
4689,cut2,4689,SAPI,1149,8.984228134155273,151.0874786376953,49.928836822509766
4689,cut2,4689,SAPI,1150,176.3519744873047,141.20558166503906,59.661502838134766
4689,cut2,4689,SAPI,1151,114.14781951904297,162.2763214111328,29.577381134033203
4689,cut2,4689,SAPI,1152,9.682523727416992,135.12139892578125,52.277950286865234
4689,cut2,4689,SAPI,1153,69.8538818359375,200.6310577392578,46.40568161010742
4689,cut2,4689,SAPI,1154,91.27381134033203,5.973132133483887,54.14521408081055
4689,cut2,4689,SAPI,1155,148.77725219726562,29.37848663330078,64.44769287109375
4689,cut2,4689,SAPI,1156,127.88538360595703,142.8572540283203,39.350017547607415
4689,cut2,4689,SAPI,1157,135.20089721679688,24.426658630371094,56.60200119018555
4689,cut2,4689,SAPI,1158,189.36090087890625,90.40018463134766,61.72920227050781
4689,cut2,4689,SAPI,1159,83.18566131591797,83.98473358154297,43.42156219482422
4689,cut2,4689,SAPI,1160,132.97659301757812,217.4136962890625,49.88166427612305
4689,cut2,4689,SAPI,1161,76.40150451660156,91.10302734375,43.47021484375
4689,cut2,4689,SAPI,1162,135.0113983154297,128.47573852539062,42.605709075927734
4689,cut2,4689,SAPI,1163,163.20428466796875,92.9283447265625,59.3768196105957
4689,cut2,4689,SAPI,1164,164.9607696533203,117.97885131835938,55.989662170410156
4689,cut2,4689,SAPI,1165,153.45892333984375,104.11459350585938,57.77228546142578
4689,cut2,4689,SAPI,1166,3.439694881439209,95.54801940917969,56.12684631347656
4689,cut2,4689,SAPI,1167,174.99029541015625,218.37063598632812,54.0928955078125
4689,cut2,4689,SAPI,1168,160.66920471191406,2.1158037185668945,55.63469314575195
4689,cut2,4689,SAPI,1169,165.6980438232422,62.404693603515625,61.547630310058594
4689,cut2,4689,SAPI,1170,74.24905395507812,190.38543701171875,41.78765869140624
4689,cut2,4689,SAPI,1171,96.63611602783203,225.4998016357422,57.15597152709961
4689,cut2,4689,SAPI,1172,106.66016387939453,164.30540466308594,31.383411407470703
4689,cut2,4689,SAPI,1173,148.369384765625,24.82505989074707,58.80271530151367
4689,cut2,4689,SAPI,1174,90.60253143310547,86.10714721679688,40.56769943237305
4689,cut2,4689,SAPI,1175,89.38045501708984,206.82205200195312,48.48612976074219
4689,cut2,4689,SAPI,1176,132.22445678710938,-1.5609012842178345,56.13384246826172
4689,cut2,4689,SAPI,1177,27.691898345947266,-0.9352799654006958,52.163761138916016
4689,cut2,4689,SAPI,1178,74.59159851074219,161.11849975585938,35.32490539550781
4689,cut2,4689,SAPI,1179,118.29126739501953,2.001147747039795,56.463565826416016
4689,cut2,4689,SAPI,1180,126.25047302246094,147.9660186767578,38.67802810668945
4689,cut2,4689,SAPI,1181,58.25986862182617,121.66030120849611,36.61357498168945
